idna_subject,checker_type,destination,source,tested_at,session_id
wizhumpgyros.com,AVAILABILITY,origin.list,origin.list,2021-10-04 05:23:44.654557,3b0a6fb0addeae51d4644179
coccyxwickimp.com,AVAILABILITY,origin.list,origin.list,2021-10-04 05:23:45.797693,3b0a6fb0addeae51d4644179
webmail-who-int.000webhostapp.com,AVAILABILITY,origin.list,origin.list,2021-10-04 05:23:46.804325,3b0a6fb0addeae51d4644179
010sec.com,AVAILABILITY,origin.list,origin.list,2021-10-04 05:23:47.693984,3b0a6fb0addeae51d4644179
01mspmd5yalky8.com,AVAILABILITY,origin.list,origin.list,2021-10-04 05:23:49.146923,3b0a6fb0addeae51d4644179
0byv9mgbn0.com,AVAILABILITY,origin.list,origin.list,2021-10-04 05:23:50.500895,3b0a6fb0addeae51d4644179
ns6.0pendns.org,AVAILABILITY,origin.list,origin.list,2021-10-04 05:24:11.448584,3b0a6fb0addeae51d4644179
dns.0pengl.com,AVAILABILITY,origin.list,origin.list,2021-10-04 05:24:32.334003,3b0a6fb0addeae51d4644179
12724.xyz,AVAILABILITY,origin.list,origin.list,2021-10-04 05:24:33.680105,3b0a6fb0addeae51d4644179
21736.xyz,AVAILABILITY,origin.list,origin.list,2021-10-04 05:24:35.288379,3b0a6fb0addeae51d4644179
www.analytics.247sports.com,AVAILABILITY,origin.list,origin.list,2021-10-04 05:24:36.770899,3b0a6fb0addeae51d4644179
2no.co,AVAILABILITY,origin.list,origin.list,2021-10-04 05:24:39.275958,3b0a6fb0addeae51d4644179
www.2no.co,AVAILABILITY,origin.list,origin.list,2021-10-04 05:24:41.910726,3b0a6fb0addeae51d4644179
logitechlogitechglobal.112.2o7.net,AVAILABILITY,origin.list,origin.list,2021-10-04 05:24:42.763736,3b0a6fb0addeae51d4644179
www.logitechlogitechglobal.112.2o7.net,AVAILABILITY,origin.list,origin.list,2021-10-04 05:24:43.638730,3b0a6fb0addeae51d4644179
2s11.com,AVAILABILITY,origin.list,origin.list,2021-10-04 05:24:44.776250,3b0a6fb0addeae51d4644179
30-day-change.com,AVAILABILITY,origin.list,origin.list,2021-10-04 05:24:45.558829,3b0a6fb0addeae51d4644179
www.30-day-change.com,AVAILABILITY,origin.list,origin.list,2021-10-04 05:24:46.346516,3b0a6fb0addeae51d4644179
mclean.f.360.cn,AVAILABILITY,origin.list,origin.list,2021-10-04 05:24:47.814324,3b0a6fb0addeae51d4644179
mvconf.f.360.cn,AVAILABILITY,origin.list,origin.list,2021-10-04 05:24:50.465343,3b0a6fb0addeae51d4644179
care.help.360.cn,AVAILABILITY,origin.list,origin.list,2021-10-04 05:24:54.095626,3b0a6fb0addeae51d4644179
eul.s.360.cn,AVAILABILITY,origin.list,origin.list,2021-10-04 05:24:55.536028,3b0a6fb0addeae51d4644179
g.s.360.cn,AVAILABILITY,origin.list,origin.list,2021-10-04 05:24:56.814574,3b0a6fb0addeae51d4644179
p.s.360.cn,AVAILABILITY,origin.list,origin.list,2021-10-04 05:24:58.210610,3b0a6fb0addeae51d4644179
aicleaner.shouji.360.cn,AVAILABILITY,origin.list,origin.list,2021-10-04 05:25:19.265945,3b0a6fb0addeae51d4644179
ssl.360antivirus.org,AVAILABILITY,origin.list,origin.list,2021-10-04 05:25:20.844409,3b0a6fb0addeae51d4644179
ad.360in.com,AVAILABILITY,origin.list,origin.list,2021-10-04 05:25:22.007090,3b0a6fb0addeae51d4644179
mclean.lato.cloud.360safe.com,AVAILABILITY,origin.list,origin.list,2021-10-04 05:25:24.169383,3b0a6fb0addeae51d4644179
mvconf.lato.cloud.360safe.com,AVAILABILITY,origin.list,origin.list,2021-10-04 05:25:25.798991,3b0a6fb0addeae51d4644179
mclean.cloud.360safe.com,AVAILABILITY,origin.list,origin.list,2021-10-04 05:25:26.968705,3b0a6fb0addeae51d4644179
mvconf.cloud.360safe.com,AVAILABILITY,origin.list,origin.list,2021-10-04 05:25:28.312179,3b0a6fb0addeae51d4644179
mclean.uk.cloud.360safe.com,AVAILABILITY,origin.list,origin.list,2021-10-04 05:25:29.662472,3b0a6fb0addeae51d4644179
mvconf.uk.cloud.360safe.com,AVAILABILITY,origin.list,origin.list,2021-10-04 05:25:31.141031,3b0a6fb0addeae51d4644179
3lift.org,AVAILABILITY,origin.list,origin.list,2021-10-04 05:25:35.822423,3b0a6fb0addeae51d4644179
448ff4fcfcd199a.com,AVAILABILITY,origin.list,origin.list,2021-10-04 05:25:36.670726,3b0a6fb0addeae51d4644179
44chan.me,AVAILABILITY,origin.list,origin.list,2021-10-04 05:25:37.838290,3b0a6fb0addeae51d4644179
4ourkidsky.com,AVAILABILITY,origin.list,origin.list,2021-10-04 05:25:45.060878,3b0a6fb0addeae51d4644179
5kv261gjmq04c9.com,AVAILABILITY,origin.list,origin.list,2021-10-04 05:25:46.413722,3b0a6fb0addeae51d4644179
88chan.pw,AVAILABILITY,origin.list,origin.list,2021-10-04 05:25:49.917210,3b0a6fb0addeae51d4644179
new.915yzt.cn,AVAILABILITY,origin.list,origin.list,2021-10-04 05:25:52.650129,3b0a6fb0addeae51d4644179
tempinfo.96.lt,AVAILABILITY,origin.list,origin.list,2021-10-04 05:25:54.875244,3b0a6fb0addeae51d4644179
abdurantom.com,AVAILABILITY,origin.list,origin.list,2021-10-04 05:25:56.036042,3b0a6fb0addeae51d4644179
abtasty.net,AVAILABILITY,origin.list,origin.list,2021-10-04 05:25:56.879602,3b0a6fb0addeae51d4644179
analytics.modul.ac.at,AVAILABILITY,origin.list,origin.list,2021-10-04 05:25:58.934629,3b0a6fb0addeae51d4644179
acalvet.com,AVAILABILITY,origin.list,origin.list,2021-10-04 05:25:59.803520,3b0a6fb0addeae51d4644179
acbras.com,AVAILABILITY,origin.list,origin.list,2021-10-04 05:26:02.711410,3b0a6fb0addeae51d4644179
graph.accountkit.com,AVAILABILITY,origin.list,origin.list,2021-10-04 05:26:03.706717,3b0a6fb0addeae51d4644179
www.graph.accountkit.com,AVAILABILITY,origin.list,origin.list,2021-10-04 05:26:04.687250,3b0a6fb0addeae51d4644179
go.ad1data.com,AVAILABILITY,origin.list,origin.list,2021-10-04 05:26:05.980805,3b0a6fb0addeae51d4644179
metrics.adage.com,AVAILABILITY,origin.list,origin.list,2021-10-04 05:26:06.956770,3b0a6fb0addeae51d4644179
adaptivecss.org,AVAILABILITY,origin.list,origin.list,2021-10-04 05:26:08.267771,3b0a6fb0addeae51d4644179
ads30.adcolony.com,AVAILABILITY,origin.list,origin.list,2021-10-04 05:26:09.246273,3b0a6fb0addeae51d4644179
androidads23.adcolony.com,AVAILABILITY,origin.list,origin.list,2021-10-04 05:26:10.208175,3b0a6fb0addeae51d4644179
events3.adcolony.com,AVAILABILITY,origin.list,origin.list,2021-10-04 05:26:11.210242,3b0a6fb0addeae51d4644179
events3alt.adcolony.com,AVAILABILITY,origin.list,origin.list,2021-10-04 05:26:12.218712,3b0a6fb0addeae51d4644179
sdk.adincube.com,AVAILABILITY,origin.list,origin.list,2021-10-04 05:26:13.202769,3b0a6fb0addeae51d4644179
app.adjust.com,AVAILABILITY,origin.list,origin.list,2021-10-04 05:26:14.324834,3b0a6fb0addeae51d4644179
cdn.admitad-connect.com,AVAILABILITY,origin.list,origin.list,2021-10-04 05:26:15.109681,3b0a6fb0addeae51d4644179
macro.adnami.io,AVAILABILITY,origin.list,origin.list,2021-10-04 05:26:16.354180,3b0a6fb0addeae51d4644179
acdn.adnxs.com,AVAILABILITY,origin.list,origin.list,2021-10-04 05:26:17.373010,3b0a6fb0addeae51d4644179
prebid.adnxs.com,AVAILABILITY,origin.list,origin.list,2021-10-04 05:26:18.533183,3b0a6fb0addeae51d4644179
www.prebid.adnxs.com,AVAILABILITY,origin.list,origin.list,2021-10-04 05:26:19.851532,3b0a6fb0addeae51d4644179
sstats.adobe.com,AVAILABILITY,origin.list,origin.list,2021-10-04 05:26:20.862711,3b0a6fb0addeae51d4644179
adorebeauty.org,AVAILABILITY,origin.list,origin.list,2021-10-04 05:26:21.993765,3b0a6fb0addeae51d4644179
feedback.adrecover.com,AVAILABILITY,origin.list,origin.list,2021-10-04 05:26:23.029576,3b0a6fb0addeae51d4644179
adroitpmps.com,AVAILABILITY,origin.list,origin.list,2021-10-04 05:26:24.145238,3b0a6fb0addeae51d4644179
www.ads2live.com,AVAILABILITY,origin.list,origin.list,2021-10-04 05:26:25.233953,3b0a6fb0addeae51d4644179
adsflame.com,AVAILABILITY,origin.list,origin.list,2021-10-04 05:26:31.539325,3b0a6fb0addeae51d4644179
backend-ssp.adstudio.cloud,AVAILABILITY,origin.list,origin.list,2021-10-04 05:26:32.299049,3b0a6fb0addeae51d4644179
adtekmedia.com,AVAILABILITY,origin.list,origin.list,2021-10-04 05:26:33.576350,3b0a6fb0addeae51d4644179
400.route.to.adtracker.network,AVAILABILITY,origin.list,origin.list,2021-10-04 05:26:35.191805,3b0a6fb0addeae51d4644179
track.adtrue.com,AVAILABILITY,origin.list,origin.list,2021-10-04 05:26:36.085256,3b0a6fb0addeae51d4644179
dw.adyboh.com,AVAILABILITY,origin.list,origin.list,2021-10-04 05:26:40.469213,3b0a6fb0addeae51d4644179
wy.adyboh.com,AVAILABILITY,origin.list,origin.list,2021-10-04 05:26:41.805916,3b0a6fb0addeae51d4644179
adzerk.com,AVAILABILITY,origin.list,origin.list,2021-10-04 05:26:43.487413,3b0a6fb0addeae51d4644179
www.adzerk.com,AVAILABILITY,origin.list,origin.list,2021-10-04 05:26:45.209835,3b0a6fb0addeae51d4644179
ark.aeriagames.us,AVAILABILITY,origin.list,origin.list,2021-10-04 05:27:06.114830,3b0a6fb0addeae51d4644179
ahf4ycvea439tt9rq.site,AVAILABILITY,origin.list,origin.list,2021-10-04 05:27:07.028814,3b0a6fb0addeae51d4644179
aiisa.am,AVAILABILITY,origin.list,origin.list,2021-10-04 05:27:08.929056,3b0a6fb0addeae51d4644179
aircovid19virus.com,AVAILABILITY,origin.list,origin.list,2021-10-04 05:27:09.836911,3b0a6fb0addeae51d4644179
akashdayalgroups.com,AVAILABILITY,origin.list,origin.list,2021-10-04 05:27:11.360735,3b0a6fb0addeae51d4644179
www.akashdayalgroups.com,AVAILABILITY,origin.list,origin.list,2021-10-04 05:27:12.868743,3b0a6fb0addeae51d4644179
akibaol.com,AVAILABILITY,origin.list,origin.list,2021-10-04 05:27:13.769251,3b0a6fb0addeae51d4644179
alidnx.com,AVAILABILITY,origin.list,origin.list,2021-10-04 05:27:34.776452,3b0a6fb0addeae51d4644179
alliance4media.com,AVAILABILITY,origin.list,origin.list,2021-10-04 05:27:37.522681,3b0a6fb0addeae51d4644179
www.alliance4media.com,AVAILABILITY,origin.list,origin.list,2021-10-04 05:27:40.414418,3b0a6fb0addeae51d4644179
allmygoodlife.com,AVAILABILITY,origin.list,origin.list,2021-10-04 05:27:41.856672,3b0a6fb0addeae51d4644179
acrdb.alphonso.tv,AVAILABILITY,origin.list,origin.list,2021-10-04 05:27:43.146731,3b0a6fb0addeae51d4644179
ads.alphonso.tv,AVAILABILITY,origin.list,origin.list,2021-10-04 05:27:44.183741,3b0a6fb0addeae51d4644179
api.alphonso.tv,AVAILABILITY,origin.list,origin.list,2021-10-04 05:27:45.861202,3b0a6fb0addeae51d4644179
assets.alphonso.tv,AVAILABILITY,origin.list,origin.list,2021-10-04 05:27:47.426182,3b0a6fb0addeae51d4644179
bwlkup.alphonso.tv,AVAILABILITY,origin.list,origin.list,2021-10-04 05:27:48.659968,3b0a6fb0addeae51d4644179
clockskew.alphonso.tv,AVAILABILITY,origin.list,origin.list,2021-10-04 05:27:49.818337,3b0a6fb0addeae51d4644179
degea.alphonso.tv,AVAILABILITY,origin.list,origin.list,2021-10-04 05:28:10.874496,3b0a6fb0addeae51d4644179
demo.alphonso.tv,AVAILABILITY,origin.list,origin.list,2021-10-04 05:28:31.894241,3b0a6fb0addeae51d4644179
dimaria.alphonso.tv,AVAILABILITY,origin.list,origin.list,2021-10-04 05:28:33.199726,3b0a6fb0addeae51d4644179
insights.alphonso.tv,AVAILABILITY,origin.list,origin.list,2021-10-04 05:28:34.732524,3b0a6fb0addeae51d4644179
koudas.alphonso.tv,AVAILABILITY,origin.list,origin.list,2021-10-04 05:28:35.713559,3b0a6fb0addeae51d4644179
neymar.alphonso.tv,AVAILABILITY,origin.list,origin.list,2021-10-04 05:28:36.973332,3b0a6fb0addeae51d4644179
optout.alphonso.tv,AVAILABILITY,origin.list,origin.list,2021-10-04 05:28:38.338920,3b0a6fb0addeae51d4644179
ppjs.alphonso.tv,AVAILABILITY,origin.list,origin.list,2021-10-04 05:28:39.395926,3b0a6fb0addeae51d4644179
prov.alphonso.tv,AVAILABILITY,origin.list,origin.list,2021-10-04 05:28:40.772978,3b0a6fb0addeae51d4644179
proxy.alphonso.tv,AVAILABILITY,origin.list,origin.list,2021-10-04 05:28:41.859729,3b0a6fb0addeae51d4644179
rtbdev4.alphonso.tv,AVAILABILITY,origin.list,origin.list,2021-10-04 05:28:42.938665,3b0a6fb0addeae51d4644179
tn.alphonso.tv,AVAILABILITY,origin.list,origin.list,2021-10-04 05:28:43.949734,3b0a6fb0addeae51d4644179
tr.alphonso.tv,AVAILABILITY,origin.list,origin.list,2021-10-04 05:28:44.954626,3b0a6fb0addeae51d4644179
tvads.alphonso.tv,AVAILABILITY,origin.list,origin.list,2021-10-04 05:28:46.772719,3b0a6fb0addeae51d4644179
villa.alphonso.tv,AVAILABILITY,origin.list,origin.list,2021-10-04 05:29:07.653820,3b0a6fb0addeae51d4644179
web2.alphonso.tv,AVAILABILITY,origin.list,origin.list,2021-10-04 05:29:28.647958,3b0a6fb0addeae51d4644179
www.alphonso.tv,AVAILABILITY,origin.list,origin.list,2021-10-04 05:29:31.274420,3b0a6fb0addeae51d4644179
alpinehandlingsystems.com,AVAILABILITY,origin.list,origin.list,2021-10-04 05:29:32.826959,3b0a6fb0addeae51d4644179
creative.alxbgo.com,AVAILABILITY,origin.list,origin.list,2021-10-04 05:29:33.909856,3b0a6fb0addeae51d4644179
amarktflow.com,AVAILABILITY,origin.list,origin.list,2021-10-04 05:29:34.832844,3b0a6fb0addeae51d4644179
www.amarktflow.com,AVAILABILITY,origin.list,origin.list,2021-10-04 05:29:35.705457,3b0a6fb0addeae51d4644179
device-metrics-us.amazon.com,AVAILABILITY,origin.list,origin.list,2021-10-04 05:29:36.471425,3b0a6fb0addeae51d4644179
device-metrics-us-2.amazon.com,AVAILABILITY,origin.list,origin.list,2021-10-04 05:29:37.231482,3b0a6fb0addeae51d4644179
windowsphishingalert158.s3.amazonaws.com,AVAILABILITY,origin.list,origin.list,2021-10-04 05:29:38.245174,3b0a6fb0addeae51d4644179
amazonco.uk,AVAILABILITY,origin.list,origin.list,2021-10-04 05:29:40.405769,3b0a6fb0addeae51d4644179
www.amazonco.uk,AVAILABILITY,origin.list,origin.list,2021-10-04 05:29:42.666212,3b0a6fb0addeae51d4644179
amorluv.com,AVAILABILITY,origin.list,origin.list,2021-10-04 05:29:45.028272,3b0a6fb0addeae51d4644179
analytics-digit-in.cdn.ampproject.org,AVAILABILITY,origin.list,origin.list,2021-10-04 05:29:45.806616,3b0a6fb0addeae51d4644179
www.analytics-digit-in.cdn.ampproject.org,AVAILABILITY,origin.list,origin.list,2021-10-04 05:29:46.595176,3b0a6fb0addeae51d4644179
annualconsumersurvey.com,AVAILABILITY,origin.list,origin.list,2021-10-04 05:29:47.741599,3b0a6fb0addeae51d4644179
www.annualconsumersurvey.com,AVAILABILITY,origin.list,origin.list,2021-10-04 05:29:48.873186,3b0a6fb0addeae51d4644179
antivirus-covid19.site,AVAILABILITY,origin.list,origin.list,2021-10-04 05:29:49.665872,3b0a6fb0addeae51d4644179
aoredi.com,AVAILABILITY,origin.list,origin.list,2021-10-04 05:29:50.658894,3b0a6fb0addeae51d4644179
ap-ms.net,AVAILABILITY,origin.list,origin.list,2021-10-04 05:29:51.454664,3b0a6fb0addeae51d4644179
jhqvy.app.link,AVAILABILITY,origin.list,origin.list,2021-10-04 05:29:52.524594,3b0a6fb0addeae51d4644179
api.stats.appa.pe,AVAILABILITY,origin.list,origin.list,2021-10-04 05:29:53.497655,3b0a6fb0addeae51d4644179
dev.appboy.com,AVAILABILITY,origin.list,origin.list,2021-10-04 05:29:55.069608,3b0a6fb0addeae51d4644179
orion.iad.appboy.com,AVAILABILITY,origin.list,origin.list,2021-10-04 05:29:55.948255,3b0a6fb0addeae51d4644179
www.orion.iad.appboy.com,AVAILABILITY,origin.list,origin.list,2021-10-04 05:29:57.243939,3b0a6fb0addeae51d4644179
adsaccount.appcpi.net,AVAILABILITY,origin.list,origin.list,2021-10-04 05:29:58.122925,3b0a6fb0addeae51d4644179
cloud-based-service.us-south.cf.appdomain.cloud,AVAILABILITY,origin.list,origin.list,2021-10-04 05:29:58.915981,3b0a6fb0addeae51d4644179
app.appleadwords.net,AVAILABILITY,origin.list,origin.list,2021-10-04 05:30:19.826662,3b0a6fb0addeae51d4644179
www.applicationunificationcontroller.com,AVAILABILITY,origin.list,origin.list,2021-10-04 05:30:22.175783,3b0a6fb0addeae51d4644179
d.applovin.com,AVAILABILITY,origin.list,origin.list,2021-10-04 05:30:23.166008,3b0a6fb0addeae51d4644179
rt.applovin.com,AVAILABILITY,origin.list,origin.list,2021-10-04 05:30:28.038124,3b0a6fb0addeae51d4644179
events.appsflyer.com,AVAILABILITY,origin.list,origin.list,2021-10-04 05:30:29.170260,3b0a6fb0addeae51d4644179
register.appsflyer.com,AVAILABILITY,origin.list,origin.list,2021-10-04 05:30:30.302478,3b0a6fb0addeae51d4644179
t.appsflyer.com,AVAILABILITY,origin.list,origin.list,2021-10-04 05:30:31.421655,3b0a6fb0addeae51d4644179
as54rdxfzxs.appspot.com,AVAILABILITY,origin.list,origin.list,2021-10-04 05:30:32.246357,3b0a6fb0addeae51d4644179
asgh65tfsdxz.appspot.com,AVAILABILITY,origin.list,origin.list,2021-10-04 05:30:33.066730,3b0a6fb0addeae51d4644179
da032opzasz.appspot.com,AVAILABILITY,origin.list,origin.list,2021-10-04 05:30:33.894534,3b0a6fb0addeae51d4644179
dgyu536ds.appspot.com,AVAILABILITY,origin.list,origin.list,2021-10-04 05:30:34.743742,3b0a6fb0addeae51d4644179
eqit9pzsxz.appspot.com,AVAILABILITY,origin.list,origin.list,2021-10-04 05:30:35.609582,3b0a6fb0addeae51d4644179
gdh4szx.appspot.com,AVAILABILITY,origin.list,origin.list,2021-10-04 05:30:36.444954,3b0a6fb0addeae51d4644179
hg76ytsdas.appspot.com,AVAILABILITY,origin.list,origin.list,2021-10-04 05:30:37.273244,3b0a6fb0addeae51d4644179
hj67fadszx.appspot.com,AVAILABILITY,origin.list,origin.list,2021-10-04 05:30:38.119945,3b0a6fb0addeae51d4644179
hk567rsda.appspot.com,AVAILABILITY,origin.list,origin.list,2021-10-04 05:30:38.943938,3b0a6fb0addeae51d4644179
hksdf924pzxoias.appspot.com,AVAILABILITY,origin.list,origin.list,2021-10-04 05:30:39.789699,3b0a6fb0addeae51d4644179
iwe8pzosa.appspot.com,AVAILABILITY,origin.list,origin.list,2021-10-04 05:30:40.648507,3b0a6fb0addeae51d4644179
k87yfgsdaa.appspot.com,AVAILABILITY,origin.list,origin.list,2021-10-04 05:30:41.476333,3b0a6fb0addeae51d4644179
kga9szxosa.appspot.com,AVAILABILITY,origin.list,origin.list,2021-10-04 05:30:42.305045,3b0a6fb0addeae51d4644179
kj65rdasz.appspot.com,AVAILABILITY,origin.list,origin.list,2021-10-04 05:30:43.160036,3b0a6fb0addeae51d4644179
kj6787rsd.appspot.com,AVAILABILITY,origin.list,origin.list,2021-10-04 05:30:44.028833,3b0a6fb0addeae51d4644179
kr9apzxosa.appspot.com,AVAILABILITY,origin.list,origin.list,2021-10-04 05:30:44.895525,3b0a6fb0addeae51d4644179
nffdg43zx.appspot.com,AVAILABILITY,origin.list,origin.list,2021-10-04 05:30:45.735263,3b0a6fb0addeae51d4644179
oi8ytfzxa.appspot.com,AVAILABILITY,origin.list,origin.list,2021-10-04 05:30:46.586054,3b0a6fb0addeae51d4644179
ruw82qpzxas.appspot.com,AVAILABILITY,origin.list,origin.list,2021-10-04 05:30:47.418868,3b0a6fb0addeae51d4644179
tir94wepsdxox.appspot.com,AVAILABILITY,origin.list,origin.list,2021-10-04 05:30:48.297504,3b0a6fb0addeae51d4644179
tr54sdsazxas.appspot.com,AVAILABILITY,origin.list,origin.list,2021-10-04 05:30:49.123712,3b0a6fb0addeae51d4644179
tru465rsda.appspot.com,AVAILABILITY,origin.list,origin.list,2021-10-04 05:30:49.956330,3b0a6fb0addeae51d4644179
uy054eprsdoz.appspot.com,AVAILABILITY,origin.list,origin.list,2021-10-04 05:30:50.785785,3b0a6fb0addeae51d4644179
xasf32easzx.appspot.com,AVAILABILITY,origin.list,origin.list,2021-10-04 05:30:51.632071,3b0a6fb0addeae51d4644179
xoada0pzosa.appspot.com,AVAILABILITY,origin.list,origin.list,2021-10-04 05:30:52.518028,3b0a6fb0addeae51d4644179
ytuy45fxs.appspot.com,AVAILABILITY,origin.list,origin.list,2021-10-04 05:30:53.352658,3b0a6fb0addeae51d4644179
yu56tdfcxc.appspot.com,AVAILABILITY,origin.list,origin.list,2021-10-04 05:30:54.181638,3b0a6fb0addeae51d4644179
yuhfdwesaa.appspot.com,AVAILABILITY,origin.list,origin.list,2021-10-04 05:30:55.026184,3b0a6fb0addeae51d4644179
ad.apsalar.com,AVAILABILITY,origin.list,origin.list,2021-10-04 05:30:55.987355,3b0a6fb0addeae51d4644179
e-ssl.apsalar.com,AVAILABILITY,origin.list,origin.list,2021-10-04 05:30:56.781102,3b0a6fb0addeae51d4644179
analytics.archive.org,AVAILABILITY,origin.list,origin.list,2021-10-04 05:30:57.702092,3b0a6fb0addeae51d4644179
aresboot.xyz,AVAILABILITY,origin.list,origin.list,2021-10-04 05:30:58.637615,3b0a6fb0addeae51d4644179
arjoflor.com,AVAILABILITY,origin.list,origin.list,2021-10-04 05:30:59.583969,3b0a6fb0addeae51d4644179
arjoflos.com,AVAILABILITY,origin.list,origin.list,2021-10-04 05:31:00.519186,3b0a6fb0addeae51d4644179
arkonziv.com,AVAILABILITY,origin.list,origin.list,2021-10-04 05:31:02.070435,3b0a6fb0addeae51d4644179
www.arkonziv.com,AVAILABILITY,origin.list,origin.list,2021-10-04 05:31:03.076782,3b0a6fb0addeae51d4644179
armantark.com,AVAILABILITY,origin.list,origin.list,2021-10-04 05:31:04.401348,3b0a6fb0addeae51d4644179
armconsul.ru,AVAILABILITY,origin.list,origin.list,2021-10-04 05:31:06.918320,3b0a6fb0addeae51d4644179
artbbs.to,AVAILABILITY,origin.list,origin.list,2021-10-04 05:31:08.489992,3b0a6fb0addeae51d4644179
artizaa.com,AVAILABILITY,origin.list,origin.list,2021-10-04 05:31:11.761416,3b0a6fb0addeae51d4644179
cdn.auditude.com,AVAILABILITY,origin.list,origin.list,2021-10-04 05:31:12.850034,3b0a6fb0addeae51d4644179
auth-google.site,AVAILABILITY,origin.list,origin.list,2021-10-04 05:31:13.639222,3b0a6fb0addeae51d4644179
analytics.ff.avast.com,AVAILABILITY,origin.list,origin.list,2021-10-04 05:31:14.534305,3b0a6fb0addeae51d4644179
api.c.avazunativeads.com,AVAILABILITY,origin.list,origin.list,2021-10-04 05:31:15.712638,3b0a6fb0addeae51d4644179
aws-update.net,AVAILABILITY,origin.list,origin.list,2021-10-04 05:31:16.505094,3b0a6fb0addeae51d4644179
adv.axiatraders.com,AVAILABILITY,origin.list,origin.list,2021-10-04 05:31:17.715786,3b0a6fb0addeae51d4644179
www.adv.axiatraders.com,AVAILABILITY,origin.list,origin.list,2021-10-04 05:31:18.956151,3b0a6fb0addeae51d4644179
api.axiatraders.com,AVAILABILITY,origin.list,origin.list,2021-10-04 05:31:20.182631,3b0a6fb0addeae51d4644179
www.api.axiatraders.com,AVAILABILITY,origin.list,origin.list,2021-10-04 05:31:21.374821,3b0a6fb0addeae51d4644179
bid.axiatraders.com,AVAILABILITY,origin.list,origin.list,2021-10-04 05:31:22.597783,3b0a6fb0addeae51d4644179
www.bid.axiatraders.com,AVAILABILITY,origin.list,origin.list,2021-10-04 05:31:23.838227,3b0a6fb0addeae51d4644179
click.axiatraders.com,AVAILABILITY,origin.list,origin.list,2021-10-04 05:31:25.059784,3b0a6fb0addeae51d4644179
www.click.axiatraders.com,AVAILABILITY,origin.list,origin.list,2021-10-04 05:31:26.262415,3b0a6fb0addeae51d4644179
cvent.axiatraders.com,AVAILABILITY,origin.list,origin.list,2021-10-04 05:31:27.462515,3b0a6fb0addeae51d4644179
www.cvent.axiatraders.com,AVAILABILITY,origin.list,origin.list,2021-10-04 05:31:28.671935,3b0a6fb0addeae51d4644179
pub.axiatraders.com,AVAILABILITY,origin.list,origin.list,2021-10-04 05:31:29.826001,3b0a6fb0addeae51d4644179
www.pub.axiatraders.com,AVAILABILITY,origin.list,origin.list,2021-10-04 05:31:31.002748,3b0a6fb0addeae51d4644179
rotator.axiatraders.com,AVAILABILITY,origin.list,origin.list,2021-10-04 05:31:32.202228,3b0a6fb0addeae51d4644179
www.rotator.axiatraders.com,AVAILABILITY,origin.list,origin.list,2021-10-04 05:31:33.413940,3b0a6fb0addeae51d4644179
www.axiatraders.com,AVAILABILITY,origin.list,origin.list,2021-10-04 05:31:34.619156,3b0a6fb0addeae51d4644179
zamora.axiatraders.com,AVAILABILITY,origin.list,origin.list,2021-10-04 05:31:35.830397,3b0a6fb0addeae51d4644179
www.zamora.axiatraders.com,AVAILABILITY,origin.list,origin.list,2021-10-04 05:31:37.055448,3b0a6fb0addeae51d4644179
api.b2c.com,AVAILABILITY,origin.list,origin.list,2021-10-04 05:31:37.946332,3b0a6fb0addeae51d4644179
an.batmobi.net,AVAILABILITY,origin.list,origin.list,2021-10-04 05:31:39.050529,3b0a6fb0addeae51d4644179
ploy.batmobi.net,AVAILABILITY,origin.list,origin.list,2021-10-04 05:31:40.404779,3b0a6fb0addeae51d4644179
api5.batmobil.net,AVAILABILITY,origin.list,origin.list,2021-10-04 05:31:41.530809,3b0a6fb0addeae51d4644179
beauty-tea.com,AVAILABILITY,origin.list,origin.list,2021-10-04 05:31:42.297968,3b0a6fb0addeae51d4644179
www.beauty-tea.com,AVAILABILITY,origin.list,origin.list,2021-10-04 05:31:43.078842,3b0a6fb0addeae51d4644179
0.0.0.0.beeglivesex.com,AVAILABILITY,origin.list,origin.list,2021-10-04 05:31:45.220970,3b0a6fb0addeae51d4644179
www.beginads.com,AVAILABILITY,origin.list,origin.list,2021-10-04 05:31:48.139969,3b0a6fb0addeae51d4644179
bergadimspower.com,AVAILABILITY,origin.list,origin.list,2021-10-04 05:31:49.074677,3b0a6fb0addeae51d4644179
berkesteermaster.com,AVAILABILITY,origin.list,origin.list,2021-10-04 05:31:49.895712,3b0a6fb0addeae51d4644179
www.best2017games.com,AVAILABILITY,origin.list,origin.list,2021-10-04 05:31:51.407250,3b0a6fb0addeae51d4644179
best2019-games-web4.com,AVAILABILITY,origin.list,origin.list,2021-10-04 05:31:52.230774,3b0a6fb0addeae51d4644179
bestprizesday3.life,AVAILABILITY,origin.list,origin.list,2021-10-04 05:31:53.106183,3b0a6fb0addeae51d4644179
besttus.com,AVAILABILITY,origin.list,origin.list,2021-10-04 05:32:17.578581,3b0a6fb0addeae51d4644179
de.betano.com,AVAILABILITY,origin.list,origin.list,2021-10-04 05:32:19.202796,3b0a6fb0addeae51d4644179
betpromo247.com,AVAILABILITY,origin.list,origin.list,2021-10-04 05:32:21.227302,3b0a6fb0addeae51d4644179
www.betpromo247.com,AVAILABILITY,origin.list,origin.list,2021-10-04 05:32:23.152291,3b0a6fb0addeae51d4644179
bidgear.com,AVAILABILITY,origin.list,origin.list,2021-10-04 05:32:24.261072,3b0a6fb0addeae51d4644179
platform.bidgear.com,AVAILABILITY,origin.list,origin.list,2021-10-04 05:32:25.264423,3b0a6fb0addeae51d4644179
www.bidgear.com,AVAILABILITY,origin.list,origin.list,2021-10-04 05:32:26.416188,3b0a6fb0addeae51d4644179
bigsharkmedia.com,AVAILABILITY,origin.list,origin.list,2021-10-04 05:32:27.712818,3b0a6fb0addeae51d4644179
bigtus.com,AVAILABILITY,origin.list,origin.list,2021-10-04 05:32:52.624874,3b0a6fb0addeae51d4644179
assets.bilsyndication.com,AVAILABILITY,origin.list,origin.list,2021-10-04 05:32:53.599543,3b0a6fb0addeae51d4644179
biltag.bilsyndication.com,AVAILABILITY,origin.list,origin.list,2021-10-04 05:32:54.471669,3b0a6fb0addeae51d4644179
services.bilsyndication.com,AVAILABILITY,origin.list,origin.list,2021-10-04 05:32:55.464398,3b0a6fb0addeae51d4644179
cdn.bitmedianetwork.com,AVAILABILITY,origin.list,origin.list,2021-10-04 05:32:56.363520,3b0a6fb0addeae51d4644179
engine.bitmedianetwork.com,AVAILABILITY,origin.list,origin.list,2021-10-04 05:32:57.299041,3b0a6fb0addeae51d4644179
bitstarz1.eu,AVAILABILITY,origin.list,origin.list,2021-10-04 05:32:59.236085,3b0a6fb0addeae51d4644179
bitstarz27.com,AVAILABILITY,origin.list,origin.list,2021-10-04 05:33:02.627153,3b0a6fb0addeae51d4644179
bitstarz28.com,AVAILABILITY,origin.list,origin.list,2021-10-04 05:33:06.013147,3b0a6fb0addeae51d4644179
blasze.com,AVAILABILITY,origin.list,origin.list,2021-10-04 05:33:07.087218,3b0a6fb0addeae51d4644179
blasze.tk,AVAILABILITY,origin.list,origin.list,2021-10-04 05:33:08.599823,3b0a6fb0addeae51d4644179
bmwforum.co,AVAILABILITY,origin.list,origin.list,2021-10-04 05:33:09.915646,3b0a6fb0addeae51d4644179
braincdn.org,AVAILABILITY,origin.list,origin.list,2021-10-04 05:33:11.568381,3b0a6fb0addeae51d4644179
hb.brainlyads.com,AVAILABILITY,origin.list,origin.list,2021-10-04 05:33:13.151366,3b0a6fb0addeae51d4644179
report.hb.brainlyads.com,AVAILABILITY,origin.list,origin.list,2021-10-04 05:33:14.424405,3b0a6fb0addeae51d4644179
brainschampions.com,AVAILABILITY,origin.list,origin.list,2021-10-04 05:33:15.544696,3b0a6fb0addeae51d4644179
client-analytics.braintreegateway.com,AVAILABILITY,origin.list,origin.list,2021-10-04 05:33:16.348559,3b0a6fb0addeae51d4644179
api.branch.io,AVAILABILITY,origin.list,origin.list,2021-10-04 05:33:17.446116,3b0a6fb0addeae51d4644179
brilns.com,AVAILABILITY,origin.list,origin.list,2021-10-04 05:33:18.401532,3b0a6fb0addeae51d4644179
brotherselectricco.com,AVAILABILITY,origin.list,origin.list,2021-10-04 05:33:19.493225,3b0a6fb0addeae51d4644179
bs.direct,AVAILABILITY,origin.list,origin.list,2021-10-04 05:33:21.113297,3b0a6fb0addeae51d4644179
analyticsapi.bsbportal.com,AVAILABILITY,origin.list,origin.list,2021-10-04 05:33:41.975058,3b0a6fb0addeae51d4644179
mi.btmods.net,AVAILABILITY,origin.list,origin.list,2021-10-04 05:34:02.851693,3b0a6fb0addeae51d4644179
us.btmods.net,AVAILABILITY,origin.list,origin.list,2021-10-04 05:34:23.753905,3b0a6fb0addeae51d4644179
bunnyland.cc,AVAILABILITY,origin.list,origin.list,2021-10-04 05:34:24.883177,3b0a6fb0addeae51d4644179
busyserviceinc.com,AVAILABILITY,origin.list,origin.list,2021-10-04 05:34:29.226872,3b0a6fb0addeae51d4644179
buzzclicks.com,AVAILABILITY,origin.list,origin.list,2021-10-04 05:34:30.807536,3b0a6fb0addeae51d4644179
promo.buzzclicks.com,AVAILABILITY,origin.list,origin.list,2021-10-04 05:34:32.287328,3b0a6fb0addeae51d4644179
www.promo.buzzclicks.com,AVAILABILITY,origin.list,origin.list,2021-10-04 05:34:33.659074,3b0a6fb0addeae51d4644179
rotator.buzzclicks.com,AVAILABILITY,origin.list,origin.list,2021-10-04 05:34:34.942967,3b0a6fb0addeae51d4644179
www.rotator.buzzclicks.com,AVAILABILITY,origin.list,origin.list,2021-10-04 05:34:36.219739,3b0a6fb0addeae51d4644179
www.buzzclicks.com,AVAILABILITY,origin.list,origin.list,2021-10-04 05:34:37.608605,3b0a6fb0addeae51d4644179
www.bywebsite.com,AVAILABILITY,origin.list,origin.list,2021-10-04 05:34:39.125269,3b0a6fb0addeae51d4644179
applog.camera360.com,AVAILABILITY,origin.list,origin.list,2021-10-04 05:34:40.295019,3b0a6fb0addeae51d4644179
camsoda.com,AVAILABILITY,origin.list,origin.list,2021-10-04 05:34:43.127125,3b0a6fb0addeae51d4644179
www.camsoda.com,AVAILABILITY,origin.list,origin.list,2021-10-04 05:34:45.914970,3b0a6fb0addeae51d4644179
camteens.to,AVAILABILITY,origin.list,origin.list,2021-10-04 05:34:47.329100,3b0a6fb0addeae51d4644179
candygirls.cc,AVAILABILITY,origin.list,origin.list,2021-10-04 05:34:48.989787,3b0a6fb0addeae51d4644179
ora.carlaarrabitoarchitetto.com,AVAILABILITY,origin.list,origin.list,2021-10-04 05:34:50.229040,3b0a6fb0addeae51d4644179
carnataldez.ml,AVAILABILITY,origin.list,origin.list,2021-10-04 05:34:51.888341,3b0a6fb0addeae51d4644179
carniferou.club,AVAILABILITY,origin.list,origin.list,2021-10-04 05:34:53.068349,3b0a6fb0addeae51d4644179
spy.cashnow.ee,AVAILABILITY,origin.list,origin.list,2021-10-04 05:34:54.508279,3b0a6fb0addeae51d4644179
xyz.cashnow.ee,AVAILABILITY,origin.list,origin.list,2021-10-04 05:34:56.136106,3b0a6fb0addeae51d4644179
castoola.com,AVAILABILITY,origin.list,origin.list,2021-10-04 05:34:58.599132,3b0a6fb0addeae51d4644179
cdn.castoola.com,AVAILABILITY,origin.list,origin.list,2021-10-04 05:34:59.553333,3b0a6fb0addeae51d4644179
discoveryad.castoola.tv,AVAILABILITY,origin.list,origin.list,2021-10-04 05:35:02.294735,3b0a6fb0addeae51d4644179
cdn.discoveryad.castoola.tv,AVAILABILITY,origin.list,origin.list,2021-10-04 05:35:04.782646,3b0a6fb0addeae51d4644179
1493361689.rsc.cdn77.org,AVAILABILITY,origin.list,origin.list,2021-10-04 05:35:05.897767,3b0a6fb0addeae51d4644179
cdnmage.com,AVAILABILITY,origin.list,origin.list,2021-10-04 05:35:09.891280,3b0a6fb0addeae51d4644179
ceromobi.club,AVAILABILITY,origin.list,origin.list,2021-10-04 05:35:10.778938,3b0a6fb0addeae51d4644179
ads.chacomedia.com,AVAILABILITY,origin.list,origin.list,2021-10-04 05:35:12.204612,3b0a6fb0addeae51d4644179
www.ads.chacomedia.com,AVAILABILITY,origin.list,origin.list,2021-10-04 05:35:13.396271,3b0a6fb0addeae51d4644179
www.chacomedia.com,AVAILABILITY,origin.list,origin.list,2021-10-04 05:35:14.518186,3b0a6fb0addeae51d4644179
chanekee.ga,AVAILABILITY,origin.list,origin.list,2021-10-04 05:35:16.688768,3b0a6fb0addeae51d4644179
chauksoa.net,AVAILABILITY,origin.list,origin.list,2021-10-04 05:35:17.990762,3b0a6fb0addeae51d4644179
cherryemoore.com,AVAILABILITY,origin.list,origin.list,2021-10-04 05:35:19.197117,3b0a6fb0addeae51d4644179
wawa.cleansite.us,AVAILABILITY,origin.list,origin.list,2021-10-04 05:35:40.322875,3b0a6fb0addeae51d4644179
clearcovid19virus.com,AVAILABILITY,origin.list,origin.list,2021-10-04 05:35:41.250552,3b0a6fb0addeae51d4644179
ase.clmbtech.com,AVAILABILITY,origin.list,origin.list,2021-10-04 05:36:02.673672,3b0a6fb0addeae51d4644179
www.ase.clmbtech.com,AVAILABILITY,origin.list,origin.list,2021-10-04 05:36:23.714443,3b0a6fb0addeae51d4644179
static.clmbtech.com,AVAILABILITY,origin.list,origin.list,2021-10-04 05:36:24.983230,3b0a6fb0addeae51d4644179
clooinfor.cf,AVAILABILITY,origin.list,origin.list,2021-10-04 05:36:26.694890,3b0a6fb0addeae51d4644179
closetlondon.org,AVAILABILITY,origin.list,origin.list,2021-10-04 05:36:27.824130,3b0a6fb0addeae51d4644179
d3lvir7538n0oi.cloudfront.net,AVAILABILITY,origin.list,origin.list,2021-10-04 05:36:29.367700,3b0a6fb0addeae51d4644179
api.cloudmobi.net,AVAILABILITY,origin.list,origin.list,2021-10-04 05:36:30.410940,3b0a6fb0addeae51d4644179
logger.cloudmobi.net,AVAILABILITY,origin.list,origin.list,2021-10-04 05:36:31.622191,3b0a6fb0addeae51d4644179
cmytuok.top,AVAILABILITY,origin.list,origin.list,2021-10-04 05:36:32.823301,3b0a6fb0addeae51d4644179
data.cnn.com,AVAILABILITY,origin.list,origin.list,2021-10-04 05:36:33.808965,3b0a6fb0addeae51d4644179
www.diptanuinfo.co.cc,AVAILABILITY,origin.list,origin.list,2021-10-04 05:36:57.856073,3b0a6fb0addeae51d4644179
adservice.google.co.in,AVAILABILITY,origin.list,origin.list,2021-10-04 05:36:58.703241,3b0a6fb0addeae51d4644179
retrak.co.ke,AVAILABILITY,origin.list,origin.list,2021-10-04 05:37:03.675456,3b0a6fb0addeae51d4644179
thaivictory.co.th,AVAILABILITY,origin.list,origin.list,2021-10-04 05:37:08.569370,3b0a6fb0addeae51d4644179
c.adskeeper.co.uk,AVAILABILITY,origin.list,origin.list,2021-10-04 05:37:09.544208,3b0a6fb0addeae51d4644179
www.myishop.co.uk,AVAILABILITY,origin.list,origin.list,2021-10-04 05:37:12.130962,3b0a6fb0addeae51d4644179
www2.myishop.co.uk,AVAILABILITY,origin.list,origin.list,2021-10-04 05:37:13.557091,3b0a6fb0addeae51d4644179
linux.cocoss2d.com,AVAILABILITY,origin.list,origin.list,2021-10-04 05:37:34.470188,3b0a6fb0addeae51d4644179
coffemokko.com,AVAILABILITY,origin.list,origin.list,2021-10-04 05:37:35.777780,3b0a6fb0addeae51d4644179
tags.news.com.au,AVAILABILITY,origin.list,origin.list,2021-10-04 05:37:37.648910,3b0a6fb0addeae51d4644179
ventanasyaluminios.com.mx,AVAILABILITY,origin.list,origin.list,2021-10-04 05:37:43.510129,3b0a6fb0addeae51d4644179
www.ventanasyaluminios.com.mx,AVAILABILITY,origin.list,origin.list,2021-10-04 05:37:47.303602,3b0a6fb0addeae51d4644179
bacr.com.pk,AVAILABILITY,origin.list,origin.list,2021-10-04 05:37:52.831296,3b0a6fb0addeae51d4644179
www.bacr.com.pk,AVAILABILITY,origin.list,origin.list,2021-10-04 05:37:56.739537,3b0a6fb0addeae51d4644179
check-activity.com.ru,AVAILABILITY,origin.list,origin.list,2021-10-04 05:37:57.512534,3b0a6fb0addeae51d4644179
digitaltextile.com.ru,AVAILABILITY,origin.list,origin.list,2021-10-04 05:38:00.125402,3b0a6fb0addeae51d4644179
0202.com.tw,AVAILABILITY,origin.list,origin.list,2021-10-04 05:38:02.221280,3b0a6fb0addeae51d4644179
adservice.google.com.vn,AVAILABILITY,origin.list,origin.list,2021-10-04 05:38:03.090448,3b0a6fb0addeae51d4644179
com-auth.site,AVAILABILITY,origin.list,origin.list,2021-10-04 05:38:03.860462,3b0a6fb0addeae51d4644179
comericac.com,AVAILABILITY,origin.list,origin.list,2021-10-04 05:38:04.789083,3b0a6fb0addeae51d4644179
comilar-efferiff.icu,AVAILABILITY,origin.list,origin.list,2021-10-04 05:38:05.556586,3b0a6fb0addeae51d4644179
completesatisfaction.ltd,AVAILABILITY,origin.list,origin.list,2021-10-04 05:38:06.805769,3b0a6fb0addeae51d4644179
media.complex.com,AVAILABILITY,origin.list,origin.list,2021-10-04 05:38:07.764899,3b0a6fb0addeae51d4644179
comssite.com,AVAILABILITY,origin.list,origin.list,2021-10-04 05:38:08.966912,3b0a6fb0addeae51d4644179
consumerproductsusa.com,AVAILABILITY,origin.list,origin.list,2021-10-04 05:38:09.871807,3b0a6fb0addeae51d4644179
www.consumerproductsusa.com,AVAILABILITY,origin.list,origin.list,2021-10-04 05:38:10.793618,3b0a6fb0addeae51d4644179
contatoonline1.com,AVAILABILITY,origin.list,origin.list,2021-10-04 05:38:11.755568,3b0a6fb0addeae51d4644179
cws.conviva.com,AVAILABILITY,origin.list,origin.list,2021-10-04 05:38:12.776269,3b0a6fb0addeae51d4644179
www.cws.conviva.com,AVAILABILITY,origin.list,origin.list,2021-10-04 05:38:13.702804,3b0a6fb0addeae51d4644179
zee.cws.conviva.com,AVAILABILITY,origin.list,origin.list,2021-10-04 05:38:14.764509,3b0a6fb0addeae51d4644179
www.zee.cws.conviva.com,AVAILABILITY,origin.list,origin.list,2021-10-04 05:38:15.763071,3b0a6fb0addeae51d4644179
vrl.m.conviva.com,AVAILABILITY,origin.list,origin.list,2021-10-04 05:38:16.824252,3b0a6fb0addeae51d4644179
www.vrl.m.conviva.com,AVAILABILITY,origin.list,origin.list,2021-10-04 05:38:17.813562,3b0a6fb0addeae51d4644179
lp.cooktracking.com,AVAILABILITY,origin.list,origin.list,2021-10-04 05:38:18.863647,3b0a6fb0addeae51d4644179
coronabreath.com,AVAILABILITY,origin.list,origin.list,2021-10-04 05:38:19.838775,3b0a6fb0addeae51d4644179
corp-github.com,AVAILABILITY,origin.list,origin.list,2021-10-04 05:38:20.599052,3b0a6fb0addeae51d4644179
cosiloon.com,AVAILABILITY,origin.list,origin.list,2021-10-04 05:38:21.816009,3b0a6fb0addeae51d4644179
www.cpm20.com,AVAILABILITY,origin.list,origin.list,2021-10-04 05:38:23.190135,3b0a6fb0addeae51d4644179
crilns.com,AVAILABILITY,origin.list,origin.list,2021-10-04 05:38:24.164577,3b0a6fb0addeae51d4644179
rdi.eu.criteo.com,AVAILABILITY,origin.list,origin.list,2021-10-04 05:38:25.642547,3b0a6fb0addeae51d4644179
gum.criteo.com,AVAILABILITY,origin.list,origin.list,2021-10-04 05:38:27.158152,3b0a6fb0addeae51d4644179
linux.css2.com,AVAILABILITY,origin.list,origin.list,2021-10-04 05:38:48.461793,3b0a6fb0addeae51d4644179
cutebaitsforum.cc,AVAILABILITY,origin.list,origin.list,2021-10-04 05:38:49.621058,3b0a6fb0addeae51d4644179
www.cutebaitsforum.cc,AVAILABILITY,origin.list,origin.list,2021-10-04 05:38:50.782121,3b0a6fb0addeae51d4644179
cutecams.space,AVAILABILITY,origin.list,origin.list,2021-10-04 05:38:51.705157,3b0a6fb0addeae51d4644179
cutedolls.top,AVAILABILITY,origin.list,origin.list,2021-10-04 05:38:53.659065,3b0a6fb0addeae51d4644179
cutegirls.cc,AVAILABILITY,origin.list,origin.list,2021-10-04 05:38:55.521035,3b0a6fb0addeae51d4644179
cylenceprotect.com,AVAILABILITY,origin.list,origin.list,2021-10-04 05:38:56.609503,3b0a6fb0addeae51d4644179
d-and-h.com,AVAILABILITY,origin.list,origin.list,2021-10-04 05:38:57.406735,3b0a6fb0addeae51d4644179
www.d-and-h.com,AVAILABILITY,origin.list,origin.list,2021-10-04 05:38:58.177749,3b0a6fb0addeae51d4644179
asq.d6shiiwz.pw,AVAILABILITY,origin.list,origin.list,2021-10-04 05:39:00.134072,3b0a6fb0addeae51d4644179
dadsats.com,AVAILABILITY,origin.list,origin.list,2021-10-04 05:39:01.631416,3b0a6fb0addeae51d4644179
data-ero-advertising.com,AVAILABILITY,origin.list,origin.list,2021-10-04 05:39:02.438775,3b0a6fb0addeae51d4644179
www.data-ero-advertising.com,AVAILABILITY,origin.list,origin.list,2021-10-04 05:39:03.197621,3b0a6fb0addeae51d4644179
api.datatrics.com,AVAILABILITY,origin.list,origin.list,2021-10-04 05:39:05.113007,3b0a6fb0addeae51d4644179
api03.datatrics.com,AVAILABILITY,origin.list,origin.list,2021-10-04 05:39:07.357099,3b0a6fb0addeae51d4644179
api04.datatrics.com,AVAILABILITY,origin.list,origin.list,2021-10-04 05:39:09.621417,3b0a6fb0addeae51d4644179
app.datatrics.com,AVAILABILITY,origin.list,origin.list,2021-10-04 05:39:11.074272,3b0a6fb0addeae51d4644179
ecommerce.datatrics.com,AVAILABILITY,origin.list,origin.list,2021-10-04 05:39:12.881815,3b0a6fb0addeae51d4644179
images.datatrics.com,AVAILABILITY,origin.list,origin.list,2021-10-04 05:39:14.757354,3b0a6fb0addeae51d4644179
link.datatrics.com,AVAILABILITY,origin.list,origin.list,2021-10-04 05:39:16.096035,3b0a6fb0addeae51d4644179
magento01.datatrics.com,AVAILABILITY,origin.list,origin.list,2021-10-04 05:39:18.279324,3b0a6fb0addeae51d4644179
mautic.datatrics.com,AVAILABILITY,origin.list,origin.list,2021-10-04 05:39:20.512416,3b0a6fb0addeae51d4644179
network.datatrics.com,AVAILABILITY,origin.list,origin.list,2021-10-04 05:39:21.790333,3b0a6fb0addeae51d4644179
status.datatrics.com,AVAILABILITY,origin.list,origin.list,2021-10-04 05:39:23.941802,3b0a6fb0addeae51d4644179
tr.datatrics.com,AVAILABILITY,origin.list,origin.list,2021-10-04 05:39:25.578219,3b0a6fb0addeae51d4644179
tr-255418.datatrics.com,AVAILABILITY,origin.list,origin.list,2021-10-04 05:39:26.360911,3b0a6fb0addeae51d4644179
tr-255768.datatrics.com,AVAILABILITY,origin.list,origin.list,2021-10-04 05:39:27.163624,3b0a6fb0addeae51d4644179
tr-256089.datatrics.com,AVAILABILITY,origin.list,origin.list,2021-10-04 05:39:27.947164,3b0a6fb0addeae51d4644179
tr-op.datatrics.com,AVAILABILITY,origin.list,origin.list,2021-10-04 05:39:28.713793,3b0a6fb0addeae51d4644179
tr-reshift.datatrics.com,AVAILABILITY,origin.list,origin.list,2021-10-04 05:39:29.507870,3b0a6fb0addeae51d4644179
tr-v2.datatrics.com,AVAILABILITY,origin.list,origin.list,2021-10-04 05:39:30.276554,3b0a6fb0addeae51d4644179
tracker.datatrics.com,AVAILABILITY,origin.list,origin.list,2021-10-04 05:39:31.687444,3b0a6fb0addeae51d4644179
travel.datatrics.com,AVAILABILITY,origin.list,origin.list,2021-10-04 05:39:34.180064,3b0a6fb0addeae51d4644179
usersync.datatrics.com,AVAILABILITY,origin.list,origin.list,2021-10-04 05:39:35.599591,3b0a6fb0addeae51d4644179
woocommerce01.datatrics.com,AVAILABILITY,origin.list,origin.list,2021-10-04 05:39:37.886901,3b0a6fb0addeae51d4644179
daunteegyptian.pro,AVAILABILITY,origin.list,origin.list,2021-10-04 05:39:39.577353,3b0a6fb0addeae51d4644179
install.ddns.info,AVAILABILITY,origin.list,origin.list,2021-10-04 05:40:00.673004,3b0a6fb0addeae51d4644179
tab.dellrescue.com,AVAILABILITY,origin.list,origin.list,2021-10-04 05:40:21.615626,3b0a6fb0addeae51d4644179
deshmedia.com,AVAILABILITY,origin.list,origin.list,2021-10-04 05:40:22.960377,3b0a6fb0addeae51d4644179
devata.icu,AVAILABILITY,origin.list,origin.list,2021-10-04 05:40:23.875660,3b0a6fb0addeae51d4644179
dfgdgertdvdf.xyz,AVAILABILITY,origin.list,origin.list,2021-10-04 05:40:30.088549,3b0a6fb0addeae51d4644179
dfkcnyhd.nl,AVAILABILITY,origin.list,origin.list,2021-10-04 05:40:32.594353,3b0a6fb0addeae51d4644179
www.dianomi.com,AVAILABILITY,origin.list,origin.list,2021-10-04 05:40:33.560973,3b0a6fb0addeae51d4644179
analytics.lk.api.ditto.com,AVAILABILITY,origin.list,origin.list,2021-10-04 05:40:34.762843,3b0a6fb0addeae51d4644179
i1.dl-ad.com,AVAILABILITY,origin.list,origin.list,2021-10-04 05:40:35.533442,3b0a6fb0addeae51d4644179
ad.dnoticias.pt,AVAILABILITY,origin.list,origin.list,2021-10-04 05:40:36.775704,3b0a6fb0addeae51d4644179
xad.dnoticias.pt,AVAILABILITY,origin.list,origin.list,2021-10-04 05:40:38.250513,3b0a6fb0addeae51d4644179
ru.mst.dns-cloud.net,AVAILABILITY,origin.list,origin.list,2021-10-04 05:40:39.017151,3b0a6fb0addeae51d4644179
ctmail.dns-dns.com,AVAILABILITY,origin.list,origin.list,2021-10-04 05:40:39.808616,3b0a6fb0addeae51d4644179
brands.newst.dnsabr.com,AVAILABILITY,origin.list,origin.list,2021-10-04 05:40:41.336746,3b0a6fb0addeae51d4644179
dobre-programy.pl,AVAILABILITY,origin.list,origin.list,2021-10-04 05:40:42.134135,3b0a6fb0addeae51d4644179
www.dobre-programy.pl,AVAILABILITY,origin.list,origin.list,2021-10-04 05:40:42.903254,3b0a6fb0addeae51d4644179
dobre-programy.xyz,AVAILABILITY,origin.list,origin.list,2021-10-04 05:40:43.672740,3b0a6fb0addeae51d4644179
www.dobre-programy.xyz,AVAILABILITY,origin.list,origin.list,2021-10-04 05:40:44.468597,3b0a6fb0addeae51d4644179
dobreprogramy.pro,AVAILABILITY,origin.list,origin.list,2021-10-04 05:40:49.367039,3b0a6fb0addeae51d4644179
www.dobreprogramy.pro,AVAILABILITY,origin.list,origin.list,2021-10-04 05:40:52.685294,3b0a6fb0addeae51d4644179
dolodos.top,AVAILABILITY,origin.list,origin.list,2021-10-04 05:40:54.365880,3b0a6fb0addeae51d4644179
login.dotomi.com,AVAILABILITY,origin.list,origin.list,2021-10-04 05:40:55.409257,3b0a6fb0addeae51d4644179
4436230.fls.doubleclick.net,AVAILABILITY,origin.list,origin.list,2021-10-04 05:40:56.274912,3b0a6fb0addeae51d4644179
www.4436230.fls.doubleclick.net,AVAILABILITY,origin.list,origin.list,2021-10-04 05:40:57.132917,3b0a6fb0addeae51d4644179
4448269.fls.doubleclick.net,AVAILABILITY,origin.list,origin.list,2021-10-04 05:40:58.003558,3b0a6fb0addeae51d4644179
www.4448269.fls.doubleclick.net,AVAILABILITY,origin.list,origin.list,2021-10-04 05:40:58.882350,3b0a6fb0addeae51d4644179
doublepimpads.com,AVAILABILITY,origin.list,origin.list,2021-10-04 05:40:59.836184,3b0a6fb0addeae51d4644179
api.doubles.click,AVAILABILITY,origin.list,origin.list,2021-10-04 05:41:03.714946,3b0a6fb0addeae51d4644179
advertising-cdn.dpgmedia.cloud,AVAILABILITY,origin.list,origin.list,2021-10-04 05:41:04.500509,3b0a6fb0addeae51d4644179
dreamlist.top,AVAILABILITY,origin.list,origin.list,2021-10-04 05:41:06.232180,3b0a6fb0addeae51d4644179
dsw44z5igdmmbo.com,AVAILABILITY,origin.list,origin.list,2021-10-04 05:41:07.644115,3b0a6fb0addeae51d4644179
lay.dubya.us,AVAILABILITY,origin.list,origin.list,2021-10-04 05:41:28.683884,3b0a6fb0addeae51d4644179
goodattack.duckdns.org,AVAILABILITY,origin.list,origin.list,2021-10-04 05:41:30.785081,3b0a6fb0addeae51d4644179
megasena1.duckdns.org,AVAILABILITY,origin.list,origin.list,2021-10-04 05:41:33.574451,3b0a6fb0addeae51d4644179
phantom101.duckdns.org,AVAILABILITY,origin.list,origin.list,2021-10-04 05:41:55.410772,3b0a6fb0addeae51d4644179
exchange.dumb1.com,AVAILABILITY,origin.list,origin.list,2021-10-04 05:42:16.322328,3b0a6fb0addeae51d4644179
designer.dynamic-dns.net,AVAILABILITY,origin.list,origin.list,2021-10-04 05:42:17.108068,3b0a6fb0addeae51d4644179
dns-info.dyndns.pro,AVAILABILITY,origin.list,origin.list,2021-10-04 05:42:17.901876,3b0a6fb0addeae51d4644179
ftp.dns-info.dyndns.pro,AVAILABILITY,origin.list,origin.list,2021-10-04 05:42:18.677874,3b0a6fb0addeae51d4644179
loginwebmailnic.dynssl.com,AVAILABILITY,origin.list,origin.list,2021-10-04 05:42:20.181258,3b0a6fb0addeae51d4644179
ma1310-r.analytics.edgekey.net,AVAILABILITY,origin.list,origin.list,2021-10-04 05:42:20.974794,3b0a6fb0addeae51d4644179
ipv6-wildcard.applovin.com.edgekey.net,AVAILABILITY,origin.list,origin.list,2021-10-04 05:42:21.738355,3b0a6fb0addeae51d4644179
ma312-r.analytics.edgesuite.net,AVAILABILITY,origin.list,origin.list,2021-10-04 05:42:22.502303,3b0a6fb0addeae51d4644179
hosted.stats.com.edgesuite.net,AVAILABILITY,origin.list,origin.list,2021-10-04 05:42:23.444537,3b0a6fb0addeae51d4644179
edisonlee.net,AVAILABILITY,origin.list,origin.list,2021-10-04 05:42:24.662079,3b0a6fb0addeae51d4644179
eh8jq4cmq8j9g5.com,AVAILABILITY,origin.list,origin.list,2021-10-04 05:42:26.156866,3b0a6fb0addeae51d4644179
elegrina.com,AVAILABILITY,origin.list,origin.list,2021-10-04 05:42:28.722009,3b0a6fb0addeae51d4644179
elixmedia.com,AVAILABILITY,origin.list,origin.list,2021-10-04 05:42:31.942418,3b0a6fb0addeae51d4644179
www.elixmedia.com,AVAILABILITY,origin.list,origin.list,2021-10-04 05:42:34.518744,3b0a6fb0addeae51d4644179
enatimedia.com,AVAILABILITY,origin.list,origin.list,2021-10-04 05:42:39.488613,3b0a6fb0addeae51d4644179
ampmetrics.engadget.com,AVAILABILITY,origin.list,origin.list,2021-10-04 05:42:40.603461,3b0a6fb0addeae51d4644179
nexus.ensighten.com,AVAILABILITY,origin.list,origin.list,2021-10-04 05:42:41.486387,3b0a6fb0addeae51d4644179
environmentalist.com,AVAILABILITY,origin.list,origin.list,2021-10-04 05:42:42.507525,3b0a6fb0addeae51d4644179
eom-nv.com,AVAILABILITY,origin.list,origin.list,2021-10-04 05:42:43.291876,3b0a6fb0addeae51d4644179
api.eqmob.com,AVAILABILITY,origin.list,origin.list,2021-10-04 05:42:44.543393,3b0a6fb0addeae51d4644179
equilibrios.ga,AVAILABILITY,origin.list,origin.list,2021-10-04 05:42:46.204923,3b0a6fb0addeae51d4644179
ergensu.com,AVAILABILITY,origin.list,origin.list,2021-10-04 05:42:47.160702,3b0a6fb0addeae51d4644179
0latfee.ero-advertising.com,AVAILABILITY,origin.list,origin.list,2021-10-04 05:42:47.944819,3b0a6fb0addeae51d4644179
www.0latfee.ero-advertising.com,AVAILABILITY,origin.list,origin.list,2021-10-04 05:42:48.740459,3b0a6fb0addeae51d4644179
2baners.ero-advertising.com,AVAILABILITY,origin.list,origin.list,2021-10-04 05:42:49.505838,3b0a6fb0addeae51d4644179
www.2baners.ero-advertising.com,AVAILABILITY,origin.list,origin.list,2021-10-04 05:42:50.271404,3b0a6fb0addeae51d4644179
2ds.ero-advertising.com,AVAILABILITY,origin.list,origin.list,2021-10-04 05:42:51.037390,3b0a6fb0addeae51d4644179
www.2ds.ero-advertising.com,AVAILABILITY,origin.list,origin.list,2021-10-04 05:42:51.838395,3b0a6fb0addeae51d4644179
2fbanners.ero-advertising.com,AVAILABILITY,origin.list,origin.list,2021-10-04 05:42:52.656229,3b0a6fb0addeae51d4644179
www.2fbanners.ero-advertising.com,AVAILABILITY,origin.list,origin.list,2021-10-04 05:42:53.425559,3b0a6fb0addeae51d4644179
2fflatfee.ero-advertising.com,AVAILABILITY,origin.list,origin.list,2021-10-04 05:42:54.200921,3b0a6fb0addeae51d4644179
www.2fflatfee.ero-advertising.com,AVAILABILITY,origin.list,origin.list,2021-10-04 05:42:54.978301,3b0a6fb0addeae51d4644179
2fspeedclicks.ero-advertising.com,AVAILABILITY,origin.list,origin.list,2021-10-04 05:42:55.760924,3b0a6fb0addeae51d4644179
www.2fspeedclicks.ero-advertising.com,AVAILABILITY,origin.list,origin.list,2021-10-04 05:42:56.550287,3b0a6fb0addeae51d4644179
3ds.ero-advertising.com,AVAILABILITY,origin.list,origin.list,2021-10-04 05:42:57.346430,3b0a6fb0addeae51d4644179
www.3ds.ero-advertising.com,AVAILABILITY,origin.list,origin.list,2021-10-04 05:42:58.109105,3b0a6fb0addeae51d4644179
4anners.ero-advertising.com,AVAILABILITY,origin.list,origin.list,2021-10-04 05:42:58.899626,3b0a6fb0addeae51d4644179
www.4anners.ero-advertising.com,AVAILABILITY,origin.list,origin.list,2021-10-04 05:42:59.685448,3b0a6fb0addeae51d4644179
9ata.ero-advertising.com,AVAILABILITY,origin.list,origin.list,2021-10-04 05:43:00.461011,3b0a6fb0addeae51d4644179
www.9ata.ero-advertising.com,AVAILABILITY,origin.list,origin.list,2021-10-04 05:43:01.275576,3b0a6fb0addeae51d4644179
www.a.ero-advertising.com,AVAILABILITY,origin.list,origin.list,2021-10-04 05:43:02.043334,3b0a6fb0addeae51d4644179
aata.ero-advertising.com,AVAILABILITY,origin.list,origin.list,2021-10-04 05:43:02.816798,3b0a6fb0addeae51d4644179
www.aata.ero-advertising.com,AVAILABILITY,origin.list,origin.list,2021-10-04 05:43:03.600280,3b0a6fb0addeae51d4644179
acspaces.ero-advertising.com,AVAILABILITY,origin.list,origin.list,2021-10-04 05:43:04.396850,3b0a6fb0addeae51d4644179
www.acspaces.ero-advertising.com,AVAILABILITY,origin.list,origin.list,2021-10-04 05:43:05.201620,3b0a6fb0addeae51d4644179
ad1.ero-advertising.com,AVAILABILITY,origin.list,origin.list,2021-10-04 05:43:05.961952,3b0a6fb0addeae51d4644179
www.ad1.ero-advertising.com,AVAILABILITY,origin.list,origin.list,2021-10-04 05:43:06.731942,3b0a6fb0addeae51d4644179
ad2.ero-advertising.com,AVAILABILITY,origin.list,origin.list,2021-10-04 05:43:07.515125,3b0a6fb0addeae51d4644179
www.ad2.ero-advertising.com,AVAILABILITY,origin.list,origin.list,2021-10-04 05:43:08.321670,3b0a6fb0addeae51d4644179
s7.adaces.ero-advertising.com,AVAILABILITY,origin.list,origin.list,2021-10-04 05:43:09.116217,3b0a6fb0addeae51d4644179
www.s7.adaces.ero-advertising.com,AVAILABILITY,origin.list,origin.list,2021-10-04 05:43:09.885057,3b0a6fb0addeae51d4644179
adf.ero-advertising.com,AVAILABILITY,origin.list,origin.list,2021-10-04 05:43:10.667492,3b0a6fb0addeae51d4644179
www.adf.ero-advertising.com,AVAILABILITY,origin.list,origin.list,2021-10-04 05:43:11.466100,3b0a6fb0addeae51d4644179
adfpaces.ero-advertising.com,AVAILABILITY,origin.list,origin.list,2021-10-04 05:43:12.269627,3b0a6fb0addeae51d4644179
www.adfpaces.ero-advertising.com,AVAILABILITY,origin.list,origin.list,2021-10-04 05:43:13.079810,3b0a6fb0addeae51d4644179
ads1.ero-advertising.com,AVAILABILITY,origin.list,origin.list,2021-10-04 05:43:13.872168,3b0a6fb0addeae51d4644179
www.ads1.ero-advertising.com,AVAILABILITY,origin.list,origin.list,2021-10-04 05:43:14.641466,3b0a6fb0addeae51d4644179
adsances.ero-advertising.com,AVAILABILITY,origin.list,origin.list,2021-10-04 05:43:15.440464,3b0a6fb0addeae51d4644179
www.adsances.ero-advertising.com,AVAILABILITY,origin.list,origin.list,2021-10-04 05:43:16.251999,3b0a6fb0addeae51d4644179
adspacds.ero-advertising.com,AVAILABILITY,origin.list,origin.list,2021-10-04 05:43:17.025476,3b0a6fb0addeae51d4644179
www.adspacds.ero-advertising.com,AVAILABILITY,origin.list,origin.list,2021-10-04 05:43:17.797782,3b0a6fb0addeae51d4644179
adspaces2.ero-advertising.com,AVAILABILITY,origin.list,origin.list,2021-10-04 05:43:18.569561,3b0a6fb0addeae51d4644179
www.adspaces2.ero-advertising.com,AVAILABILITY,origin.list,origin.list,2021-10-04 05:43:19.339848,3b0a6fb0addeae51d4644179
adspaes.ero-advertising.com,AVAILABILITY,origin.list,origin.list,2021-10-04 05:43:20.107951,3b0a6fb0addeae51d4644179
www.adspaes.ero-advertising.com,AVAILABILITY,origin.list,origin.list,2021-10-04 05:43:20.894675,3b0a6fb0addeae51d4644179
adspages.ero-advertising.com,AVAILABILITY,origin.list,origin.list,2021-10-04 05:43:21.706278,3b0a6fb0addeae51d4644179
www.adspages.ero-advertising.com,AVAILABILITY,origin.list,origin.list,2021-10-04 05:43:22.482491,3b0a6fb0addeae51d4644179
adspcces.ero-advertising.com,AVAILABILITY,origin.list,origin.list,2021-10-04 05:43:23.245764,3b0a6fb0addeae51d4644179
www.adspcces.ero-advertising.com,AVAILABILITY,origin.list,origin.list,2021-10-04 05:43:24.004601,3b0a6fb0addeae51d4644179
adsspaces.ero-advertising.com,AVAILABILITY,origin.list,origin.list,2021-10-04 05:43:24.795173,3b0a6fb0addeae51d4644179
www.adsspaces.ero-advertising.com,AVAILABILITY,origin.list,origin.list,2021-10-04 05:43:25.585253,3b0a6fb0addeae51d4644179
adstaces.ero-advertising.com,AVAILABILITY,origin.list,origin.list,2021-10-04 05:43:26.352264,3b0a6fb0addeae51d4644179
www.adstaces.ero-advertising.com,AVAILABILITY,origin.list,origin.list,2021-10-04 05:43:27.132584,3b0a6fb0addeae51d4644179
adw.ero-advertising.com,AVAILABILITY,origin.list,origin.list,2021-10-04 05:43:27.921575,3b0a6fb0addeae51d4644179
www.adw.ero-advertising.com,AVAILABILITY,origin.list,origin.list,2021-10-04 05:43:28.713131,3b0a6fb0addeae51d4644179
adwpaces.ero-advertising.com,AVAILABILITY,origin.list,origin.list,2021-10-04 05:43:29.506859,3b0a6fb0addeae51d4644179
www.adwpaces.ero-advertising.com,AVAILABILITY,origin.list,origin.list,2021-10-04 05:43:30.301243,3b0a6fb0addeae51d4644179
afs.ero-advertising.com,AVAILABILITY,origin.list,origin.list,2021-10-04 05:43:31.067987,3b0a6fb0addeae51d4644179
www.afs.ero-advertising.com,AVAILABILITY,origin.list,origin.list,2021-10-04 05:43:31.876684,3b0a6fb0addeae51d4644179
analytics.ero-advertising.com,AVAILABILITY,origin.list,origin.list,2021-10-04 05:43:32.665431,3b0a6fb0addeae51d4644179
www.analytics.ero-advertising.com,AVAILABILITY,origin.list,origin.list,2021-10-04 05:43:33.439635,3b0a6fb0addeae51d4644179
anners.ero-advertising.com,AVAILABILITY,origin.list,origin.list,2021-10-04 05:43:34.221850,3b0a6fb0addeae51d4644179
www.anners.ero-advertising.com,AVAILABILITY,origin.list,origin.list,2021-10-04 05:43:35.007119,3b0a6fb0addeae51d4644179
ad0.api.ero-advertising.com,AVAILABILITY,origin.list,origin.list,2021-10-04 05:43:35.776708,3b0a6fb0addeae51d4644179
www.ad0.api.ero-advertising.com,AVAILABILITY,origin.list,origin.list,2021-10-04 05:43:36.556084,3b0a6fb0addeae51d4644179
ad1.api.ero-advertising.com,AVAILABILITY,origin.list,origin.list,2021-10-04 05:43:37.341941,3b0a6fb0addeae51d4644179
www.ad1.api.ero-advertising.com,AVAILABILITY,origin.list,origin.list,2021-10-04 05:43:38.140317,3b0a6fb0addeae51d4644179
ad2.api.ero-advertising.com,AVAILABILITY,origin.list,origin.list,2021-10-04 05:43:38.907268,3b0a6fb0addeae51d4644179
www.ad2.api.ero-advertising.com,AVAILABILITY,origin.list,origin.list,2021-10-04 05:43:39.677609,3b0a6fb0addeae51d4644179
ad3.api.ero-advertising.com,AVAILABILITY,origin.list,origin.list,2021-10-04 05:43:40.437870,3b0a6fb0addeae51d4644179
www.ad3.api.ero-advertising.com,AVAILABILITY,origin.list,origin.list,2021-10-04 05:43:41.230289,3b0a6fb0addeae51d4644179
ad4.api.ero-advertising.com,AVAILABILITY,origin.list,origin.list,2021-10-04 05:43:42.024385,3b0a6fb0addeae51d4644179
www.ad4.api.ero-advertising.com,AVAILABILITY,origin.list,origin.list,2021-10-04 05:43:42.800109,3b0a6fb0addeae51d4644179
ad7.api.ero-advertising.com,AVAILABILITY,origin.list,origin.list,2021-10-04 05:43:43.558689,3b0a6fb0addeae51d4644179
