idna_subject,checker_type,destination,tested_at
jcdn.jsoid.com,AVAILABILITY,origin.list,2022-12-06 05:23:44.913523
darkfailllnkf4vf.onion.pet,AVAILABILITY,origin.list,2022-12-06 05:23:46.074201
answerstedhctbek.onion.pet,AVAILABILITY,origin.list,2022-12-06 05:23:46.324790
jthnx5wyvjvzsxtu.onion.pet,AVAILABILITY,origin.list,2022-12-06 05:23:46.480231
samsung.apps.linkpc.net,AVAILABILITY,origin.list,2022-12-06 05:23:47.168988
dreadditevelidot.onion.pet,AVAILABILITY,origin.list,2022-12-06 05:23:47.266345
qlqd5zqefmkcr34a.onion.pet,AVAILABILITY,origin.list,2022-12-06 05:23:47.411048
runionv62ul3roit.onion.pet,AVAILABILITY,origin.list,2022-12-06 05:23:47.749917
rutorc6mqdinc4cz.onion.pet,AVAILABILITY,origin.list,2022-12-06 05:23:48.371638
torgatedga35slsu.onion.pet,AVAILABILITY,origin.list,2022-12-06 05:23:48.495072
thehub7xbw4dc5r2.onion.pet,AVAILABILITY,origin.list,2022-12-06 05:23:48.554265
torrentzwealmisr.onion.pet,AVAILABILITY,origin.list,2022-12-06 05:23:48.951688
vkphotofqgmmu63j.onion.pet,AVAILABILITY,origin.list,2022-12-06 05:23:49.498169
uj3wazyk5u4hnvtk.onion.pet,AVAILABILITY,origin.list,2022-12-06 05:23:49.662901
xmh57jrzrnw6insl.onion.pet,AVAILABILITY,origin.list,2022-12-06 05:23:49.732726
zqktlwiuavvvqqt4ybvgvi7tyo4hjl5xgfuvpdf6otjiycgwqbym2qad.onion.pet,AVAILABILITY,origin.list,2022-12-06 05:23:50.124200
ns1.facilitategovernor.com,AVAILABILITY,origin.list,2022-12-06 05:23:50.655996
mvideo.facilitategovernor.com,AVAILABILITY,origin.list,2022-12-06 05:23:50.777851
www.facilitategovernor.com,AVAILABILITY,origin.list,2022-12-06 05:23:50.912202
zzz.onion.pet,AVAILABILITY,origin.list,2022-12-06 05:23:51.039371
www.data-ero-advertising.com,AVAILABILITY,origin.list,2022-12-06 05:23:51.192088
libjss.inquirerjs.com,AVAILABILITY,origin.list,2022-12-06 05:23:51.466889
libjs.inquirerjs.com,AVAILABILITY,origin.list,2022-12-06 05:23:51.606564
8uc1.jave.xyz,AVAILABILITY,origin.list,2022-12-06 05:23:52.043825
wsus.kasperskyantivirus.net,AVAILABILITY,origin.list,2022-12-06 05:23:52.249122
8uch.jave.xyz,AVAILABILITY,origin.list,2022-12-06 05:23:52.302582
jav.jave.xyz,AVAILABILITY,origin.list,2022-12-06 05:23:52.608257
cachecdn.moegoo.com,AVAILABILITY,origin.list,2022-12-06 05:23:52.874583
284419414.log.optimizely.com,AVAILABILITY,origin.list,2022-12-06 05:23:53.027269
sys.jave.xyz,AVAILABILITY,origin.list,2022-12-06 05:23:53.550631
sa.api.intl.miui.com,AVAILABILITY,origin.list,2022-12-06 05:23:53.616586
www.284419414.log.optimizely.com,AVAILABILITY,origin.list,2022-12-06 05:23:53.646913
xz.jave.xyz,AVAILABILITY,origin.list,2022-12-06 05:23:53.806253
sync.rtk.io,AVAILABILITY,origin.list,2022-12-06 05:23:54.643322
event.ksosoft.com,AVAILABILITY,origin.list,2022-12-06 05:23:54.710070
bidder.rtk.io,AVAILABILITY,origin.list,2022-12-06 05:23:55.006741
console.rtk.io,AVAILABILITY,origin.list,2022-12-06 05:23:55.201198
log-2.samsungacr.com,AVAILABILITY,origin.list,2022-12-06 05:23:55.440348
log-1.samsungacr.com,AVAILABILITY,origin.list,2022-12-06 05:23:55.597465
log-3.samsungacr.com,AVAILABILITY,origin.list,2022-12-06 05:23:55.712561
m.topiccore.com,AVAILABILITY,origin.list,2022-12-06 05:23:56.271011
jita.rtk.io,AVAILABILITY,origin.list,2022-12-06 05:23:56.359934
grow.rtk.io,AVAILABILITY,origin.list,2022-12-06 05:23:56.372579
bur.vueleslie.com,AVAILABILITY,origin.list,2022-12-06 05:23:56.448582
api-resource.youzicheng.net,AVAILABILITY,origin.list,2022-12-06 05:23:56.955810
bucket.rtk.io,AVAILABILITY,origin.list,2022-12-06 05:23:57.128501
www.zarget.com,AVAILABILITY,origin.list,2022-12-06 05:23:57.321829
api-rssocks.youzicheng.net,AVAILABILITY,origin.list,2022-12-06 05:23:57.490847
dabmaster.wm01.to,AVAILABILITY,origin.list,2022-12-06 05:23:57.567200
click.union.ucweb.com,AVAILABILITY,origin.list,2022-12-06 05:23:58.558698
thor.rtk.io,AVAILABILITY,origin.list,2022-12-06 05:23:58.587414
gallery0.livejasmin.com,AVAILABILITY,origin.list,2022-12-06 05:23:58.655193
gallery1.livejasmin.com,AVAILABILITY,origin.list,2022-12-06 05:23:58.714630
www.rtk.io,AVAILABILITY,origin.list,2022-12-06 05:23:58.951537
www.easy-extra-income-ways-makes-you-rich.store,AVAILABILITY,origin.list,2022-12-06 05:23:59.150757
attr.union.ucweb.com,AVAILABILITY,origin.list,2022-12-06 05:23:59.418910
go.trafficrouter.io,AVAILABILITY,origin.list,2022-12-06 05:23:59.432203
down.sqlnetcat.com,AVAILABILITY,origin.list,2022-12-06 05:24:00.076386
xyz.cashnow.ee,AVAILABILITY,origin.list,2022-12-06 05:24:00.178266
spy.cashnow.ee,AVAILABILITY,origin.list,2022-12-06 05:24:00.706185
news.hkrevolt.com,AVAILABILITY,origin.list,2022-12-06 05:24:00.824416
www.beauty-tea.com,AVAILABILITY,origin.list,2022-12-06 05:24:01.469172
dev.medialogistics2020.ca,AVAILABILITY,origin.list,2022-12-06 05:24:01.641474
apiv3.moengage.com,AVAILABILITY,origin.list,2022-12-06 05:24:01.683457
www.plaimedia.com,AVAILABILITY,origin.list,2022-12-06 05:24:01.933740
ws38.watashinonegai.ru,AVAILABILITY,origin.list,2022-12-06 05:24:02.172088
last.tax-lab.net,AVAILABILITY,origin.list,2022-12-06 05:24:02.189314
specialsections.siteseer.ca,AVAILABILITY,origin.list,2022-12-06 05:24:02.282909
ads3.adviad.com,AVAILABILITY,origin.list,2022-12-06 05:24:02.354657
xml.plaimedia.com,AVAILABILITY,origin.list,2022-12-06 05:24:02.890613
ns1.windowsdefende.com,AVAILABILITY,origin.list,2022-12-06 05:24:03.005328
ads4.adviad.com,AVAILABILITY,origin.list,2022-12-06 05:24:03.053514
yvxjsixn.eu,AVAILABILITY,origin.list,2022-12-06 05:24:03.253910
hotstar.worldgravity.com,AVAILABILITY,origin.list,2022-12-06 05:24:03.545509
mynevyfedera1.org,AVAILABILITY,origin.list,2022-12-06 05:24:03.648151
ns2.windowsdefende.com,AVAILABILITY,origin.list,2022-12-06 05:24:03.681601
navyfedara1.org,AVAILABILITY,origin.list,2022-12-06 05:24:03.769347
github.com.cnpmjs.org,AVAILABILITY,origin.list,2022-12-06 05:24:05.361314
1.c752sa3k9oeb2eg2ehpgc8fnhkeyyyyyn.domsearch.net,AVAILABILITY,origin.list,2022-12-06 05:24:13.259635
10.c752sa3k9oeb2eg2ehpgc8fnhkeyyyyyn.domsearch.net,AVAILABILITY,origin.list,2022-12-06 05:24:13.263752
1.220.c752sa3k9oeb2eg2ehpgc8fnhkeyyyyyn.domsearch.net,AVAILABILITY,origin.list,2022-12-06 05:24:13.302190
101.170.199.c752sa3k9oeb2eg2ehpgc8fnhkeyyyyyn.domsearch.net,AVAILABILITY,origin.list,2022-12-06 05:24:13.306209
101.101.170.199.c752sa3k9oeb2eg2ehpgc8fnhkeyyyyyn.domsearch.net,AVAILABILITY,origin.list,2022-12-06 05:24:14.048388
106.c752sa3k9oeb2eg2ehpgc8fnhkeyyyyyn.domsearch.net,AVAILABILITY,origin.list,2022-12-06 05:24:22.236667
103.98.133.66.c752sa3k9oeb2eg2ehpgc8fnhkeyyyyyn.domsearch.net,AVAILABILITY,origin.list,2022-12-06 05:24:22.312793
101.58.46.c752sa3k9oeb2eg2ehpgc8fnhkeyyyyyn.domsearch.net,AVAILABILITY,origin.list,2022-12-06 05:24:22.319220
110.26.112.c752sa3k9oeb2eg2ehpgc8fnhkeyyyyyn.domsearch.net,AVAILABILITY,origin.list,2022-12-06 05:24:22.337922
107.162.155.1.c752sa3k9oeb2eg2ehpgc8fnhkeyyyyyn.domsearch.net,AVAILABILITY,origin.list,2022-12-06 05:24:22.729299
118.236.253.c752sa3k9oeb2eg2ehpgc8fnhkeyyyyyn.domsearch.net,AVAILABILITY,origin.list,2022-12-06 05:24:31.024445
110.c752sa3k9oeb2eg2ehpgc8fnhkeyyyyyn.domsearch.net,AVAILABILITY,origin.list,2022-12-06 05:24:31.138718
108.84.c752sa3k9oeb2eg2ehpgc8fnhkeyyyyyn.domsearch.net,AVAILABILITY,origin.list,2022-12-06 05:24:31.158281
121.132.c752sa3k9oeb2eg2ehpgc8fnhkeyyyyyn.domsearch.net,AVAILABILITY,origin.list,2022-12-06 05:24:31.168134
112.c752sa3k9oeb2eg2ehpgc8fnhkeyyyyyn.domsearch.net,AVAILABILITY,origin.list,2022-12-06 05:24:31.493212
110.206.c752sa3k9oeb2eg2ehpgc8fnhkeyyyyyn.domsearch.net,AVAILABILITY,origin.list,2022-12-06 05:24:39.755159
121.136.92.16.c752sa3k9oeb2eg2ehpgc8fnhkeyyyyyn.domsearch.net,AVAILABILITY,origin.list,2022-12-06 05:24:39.917214
12.85.10.c752sa3k9oeb2eg2ehpgc8fnhkeyyyyyn.domsearch.net,AVAILABILITY,origin.list,2022-12-06 05:24:39.973493
12.8.110.206.c752sa3k9oeb2eg2ehpgc8fnhkeyyyyyn.domsearch.net,AVAILABILITY,origin.list,2022-12-06 05:24:40.023012
122.c752sa3k9oeb2eg2ehpgc8fnhkeyyyyyn.domsearch.net,AVAILABILITY,origin.list,2022-12-06 05:24:40.170394
126.13.125.c752sa3k9oeb2eg2ehpgc8fnhkeyyyyyn.domsearch.net,AVAILABILITY,origin.list,2022-12-06 05:24:48.413417
126.13.134.c752sa3k9oeb2eg2ehpgc8fnhkeyyyyyn.domsearch.net,AVAILABILITY,origin.list,2022-12-06 05:24:48.725614
125.61.29.122.c752sa3k9oeb2eg2ehpgc8fnhkeyyyyyn.domsearch.net,AVAILABILITY,origin.list,2022-12-06 05:24:48.805115
125.c752sa3k9oeb2eg2ehpgc8fnhkeyyyyyn.domsearch.net,AVAILABILITY,origin.list,2022-12-06 05:24:48.810842
124.106.c752sa3k9oeb2eg2ehpgc8fnhkeyyyyyn.domsearch.net,AVAILABILITY,origin.list,2022-12-06 05:24:48.837980
127.173.74.c752sa3k9oeb2eg2ehpgc8fnhkeyyyyyn.domsearch.net,AVAILABILITY,origin.list,2022-12-06 05:24:57.272590
131.c752sa3k9oeb2eg2ehpgc8fnhkeyyyyyn.domsearch.net,AVAILABILITY,origin.list,2022-12-06 05:24:57.477707
13.207.228.c752sa3k9oeb2eg2ehpgc8fnhkeyyyyyn.domsearch.net,AVAILABILITY,origin.list,2022-12-06 05:24:57.592656
127.171.246.c752sa3k9oeb2eg2ehpgc8fnhkeyyyyyn.domsearch.net,AVAILABILITY,origin.list,2022-12-06 05:24:57.592889
13.125.c752sa3k9oeb2eg2ehpgc8fnhkeyyyyyn.domsearch.net,AVAILABILITY,origin.list,2022-12-06 05:24:57.620315
13.134.c752sa3k9oeb2eg2ehpgc8fnhkeyyyyyn.domsearch.net,AVAILABILITY,origin.list,2022-12-06 05:25:06.108302
136.255.190.c752sa3k9oeb2eg2ehpgc8fnhkeyyyyyn.domsearch.net,AVAILABILITY,origin.list,2022-12-06 05:25:06.426533
142.186.110.c752sa3k9oeb2eg2ehpgc8fnhkeyyyyyn.domsearch.net,AVAILABILITY,origin.list,2022-12-06 05:25:06.496076
133.66.c752sa3k9oeb2eg2ehpgc8fnhkeyyyyyn.domsearch.net,AVAILABILITY,origin.list,2022-12-06 05:25:06.521222
146.c752sa3k9oeb2eg2ehpgc8fnhkeyyyyyn.domsearch.net,AVAILABILITY,origin.list,2022-12-06 05:25:06.525077
155.c752sa3k9oeb2eg2ehpgc8fnhkeyyyyyn.domsearch.net,AVAILABILITY,origin.list,2022-12-06 05:25:14.890329
139.c752sa3k9oeb2eg2ehpgc8fnhkeyyyyyn.domsearch.net,AVAILABILITY,origin.list,2022-12-06 05:25:15.174205
168.92.c752sa3k9oeb2eg2ehpgc8fnhkeyyyyyn.domsearch.net,AVAILABILITY,origin.list,2022-12-06 05:25:15.405648
134.c752sa3k9oeb2eg2ehpgc8fnhkeyyyyyn.domsearch.net,AVAILABILITY,origin.list,2022-12-06 05:25:15.417914
132.c752sa3k9oeb2eg2ehpgc8fnhkeyyyyyn.domsearch.net,AVAILABILITY,origin.list,2022-12-06 05:25:15.575927
162.155.1.c752sa3k9oeb2eg2ehpgc8fnhkeyyyyyn.domsearch.net,AVAILABILITY,origin.list,2022-12-06 05:25:23.736945
136.92.16.c752sa3k9oeb2eg2ehpgc8fnhkeyyyyyn.domsearch.net,AVAILABILITY,origin.list,2022-12-06 05:25:24.155802
16.36.131.c752sa3k9oeb2eg2ehpgc8fnhkeyyyyyn.domsearch.net,AVAILABILITY,origin.list,2022-12-06 05:25:24.461662
155.1.c752sa3k9oeb2eg2ehpgc8fnhkeyyyyyn.domsearch.net,AVAILABILITY,origin.list,2022-12-06 05:25:24.545737
14.254.c752sa3k9oeb2eg2ehpgc8fnhkeyyyyyn.domsearch.net,AVAILABILITY,origin.list,2022-12-06 05:25:24.568575
170.199.c752sa3k9oeb2eg2ehpgc8fnhkeyyyyyn.domsearch.net,AVAILABILITY,origin.list,2022-12-06 05:25:32.563968
173.74.c752sa3k9oeb2eg2ehpgc8fnhkeyyyyyn.domsearch.net,AVAILABILITY,origin.list,2022-12-06 05:25:32.872229
171.246.c752sa3k9oeb2eg2ehpgc8fnhkeyyyyyn.domsearch.net,AVAILABILITY,origin.list,2022-12-06 05:25:33.319767
173.31.53.c752sa3k9oeb2eg2ehpgc8fnhkeyyyyyn.domsearch.net,AVAILABILITY,origin.list,2022-12-06 05:25:33.408204
16.c752sa3k9oeb2eg2ehpgc8fnhkeyyyyyn.domsearch.net,AVAILABILITY,origin.list,2022-12-06 05:25:33.543551
177.224.c752sa3k9oeb2eg2ehpgc8fnhkeyyyyyn.domsearch.net,AVAILABILITY,origin.list,2022-12-06 05:25:41.503442
186.207.233.c752sa3k9oeb2eg2ehpgc8fnhkeyyyyyn.domsearch.net,AVAILABILITY,origin.list,2022-12-06 05:25:41.698406
172.223.c752sa3k9oeb2eg2ehpgc8fnhkeyyyyyn.domsearch.net,AVAILABILITY,origin.list,2022-12-06 05:25:42.439635
187.172.223.c752sa3k9oeb2eg2ehpgc8fnhkeyyyyyn.domsearch.net,AVAILABILITY,origin.list,2022-12-06 05:25:42.513106
186.110.c752sa3k9oeb2eg2ehpgc8fnhkeyyyyyn.domsearch.net,AVAILABILITY,origin.list,2022-12-06 05:25:42.577249
193.13.207.228.c752sa3k9oeb2eg2ehpgc8fnhkeyyyyyn.domsearch.net,AVAILABILITY,origin.list,2022-12-06 05:25:50.225871
182.35.c752sa3k9oeb2eg2ehpgc8fnhkeyyyyyn.domsearch.net,AVAILABILITY,origin.list,2022-12-06 05:25:50.442632
187.250.139.c752sa3k9oeb2eg2ehpgc8fnhkeyyyyyn.domsearch.net,AVAILABILITY,origin.list,2022-12-06 05:25:51.339225
198.96.84.56.c752sa3k9oeb2eg2ehpgc8fnhkeyyyyyn.domsearch.net,AVAILABILITY,origin.list,2022-12-06 05:25:51.529966
190.c752sa3k9oeb2eg2ehpgc8fnhkeyyyyyn.domsearch.net,AVAILABILITY,origin.list,2022-12-06 05:25:51.534345
194.186.207.233.c752sa3k9oeb2eg2ehpgc8fnhkeyyyyyn.domsearch.net,AVAILABILITY,origin.list,2022-12-06 05:25:59.021554
187.250.45.c752sa3k9oeb2eg2ehpgc8fnhkeyyyyyn.domsearch.net,AVAILABILITY,origin.list,2022-12-06 05:25:59.100558
191.223.146.c752sa3k9oeb2eg2ehpgc8fnhkeyyyyyn.domsearch.net,AVAILABILITY,origin.list,2022-12-06 05:26:00.065469
181.226.c752sa3k9oeb2eg2ehpgc8fnhkeyyyyyn.domsearch.net,AVAILABILITY,origin.list,2022-12-06 05:26:00.571567
199.203.121.132.c752sa3k9oeb2eg2ehpgc8fnhkeyyyyyn.domsearch.net,AVAILABILITY,origin.list,2022-12-06 05:26:00.609659
202.127.171.246.c752sa3k9oeb2eg2ehpgc8fnhkeyyyyyn.domsearch.net,AVAILABILITY,origin.list,2022-12-06 05:26:07.755020
193.58.14.254.c752sa3k9oeb2eg2ehpgc8fnhkeyyyyyn.domsearch.net,AVAILABILITY,origin.list,2022-12-06 05:26:07.856681
199.c752sa3k9oeb2eg2ehpgc8fnhkeyyyyyn.domsearch.net,AVAILABILITY,origin.list,2022-12-06 05:26:08.860246
197.222.215.c752sa3k9oeb2eg2ehpgc8fnhkeyyyyyn.domsearch.net,AVAILABILITY,origin.list,2022-12-06 05:26:09.283911
202.127.173.74.c752sa3k9oeb2eg2ehpgc8fnhkeyyyyyn.domsearch.net,AVAILABILITY,origin.list,2022-12-06 05:26:09.373381
200.24.4.146.c752sa3k9oeb2eg2ehpgc8fnhkeyyyyyn.domsearch.net,AVAILABILITY,origin.list,2022-12-06 05:26:16.426533
200.c752sa3k9oeb2eg2ehpgc8fnhkeyyyyyn.domsearch.net,AVAILABILITY,origin.list,2022-12-06 05:26:16.516514
195.77.229.31.c752sa3k9oeb2eg2ehpgc8fnhkeyyyyyn.domsearch.net,AVAILABILITY,origin.list,2022-12-06 05:26:17.551371
20.43.177.224.c752sa3k9oeb2eg2ehpgc8fnhkeyyyyyn.domsearch.net,AVAILABILITY,origin.list,2022-12-06 05:26:18.072559
210.99.182.35.c752sa3k9oeb2eg2ehpgc8fnhkeyyyyyn.domsearch.net,AVAILABILITY,origin.list,2022-12-06 05:26:18.116175
203.121.132.c752sa3k9oeb2eg2ehpgc8fnhkeyyyyyn.domsearch.net,AVAILABILITY,origin.list,2022-12-06 05:26:25.317195
2.67.200.c752sa3k9oeb2eg2ehpgc8fnhkeyyyyyn.domsearch.net,AVAILABILITY,origin.list,2022-12-06 05:26:25.403838
202.173.31.53.c752sa3k9oeb2eg2ehpgc8fnhkeyyyyyn.domsearch.net,AVAILABILITY,origin.list,2022-12-06 05:26:26.295392
202.4.6.58.c752sa3k9oeb2eg2ehpgc8fnhkeyyyyyn.domsearch.net,AVAILABILITY,origin.list,2022-12-06 05:26:26.733918
204.110.26.112.c752sa3k9oeb2eg2ehpgc8fnhkeyyyyyn.domsearch.net,AVAILABILITY,origin.list,2022-12-06 05:26:26.819152
204.126.13.125.c752sa3k9oeb2eg2ehpgc8fnhkeyyyyyn.domsearch.net,AVAILABILITY,origin.list,2022-12-06 05:26:34.403707
208.59.124.106.c752sa3k9oeb2eg2ehpgc8fnhkeyyyyyn.domsearch.net,AVAILABILITY,origin.list,2022-12-06 05:26:34.450744
206.c752sa3k9oeb2eg2ehpgc8fnhkeyyyyyn.domsearch.net,AVAILABILITY,origin.list,2022-12-06 05:26:35.336852
207.228.c752sa3k9oeb2eg2ehpgc8fnhkeyyyyyn.domsearch.net,AVAILABILITY,origin.list,2022-12-06 05:26:35.660321
204.126.13.134.c752sa3k9oeb2eg2ehpgc8fnhkeyyyyyn.domsearch.net,AVAILABILITY,origin.list,2022-12-06 05:26:35.693375
209.197.222.215.c752sa3k9oeb2eg2ehpgc8fnhkeyyyyyn.domsearch.net,AVAILABILITY,origin.list,2022-12-06 05:26:43.199854
213.187.250.139.c752sa3k9oeb2eg2ehpgc8fnhkeyyyyyn.domsearch.net,AVAILABILITY,origin.list,2022-12-06 05:26:43.199837
220.c752sa3k9oeb2eg2ehpgc8fnhkeyyyyyn.domsearch.net,AVAILABILITY,origin.list,2022-12-06 05:26:44.133201
213.187.250.45.c752sa3k9oeb2eg2ehpgc8fnhkeyyyyyn.domsearch.net,AVAILABILITY,origin.list,2022-12-06 05:26:44.592901
223.146.c752sa3k9oeb2eg2ehpgc8fnhkeyyyyyn.domsearch.net,AVAILABILITY,origin.list,2022-12-06 05:26:44.641823
207.233.c752sa3k9oeb2eg2ehpgc8fnhkeyyyyyn.domsearch.net,AVAILABILITY,origin.list,2022-12-06 05:26:51.948537
215.c752sa3k9oeb2eg2ehpgc8fnhkeyyyyyn.domsearch.net,AVAILABILITY,origin.list,2022-12-06 05:26:52.005355
226.c752sa3k9oeb2eg2ehpgc8fnhkeyyyyyn.domsearch.net,AVAILABILITY,origin.list,2022-12-06 05:26:52.885272
213.5.168.92.c752sa3k9oeb2eg2ehpgc8fnhkeyyyyyn.domsearch.net,AVAILABILITY,origin.list,2022-12-06 05:26:53.337347
212.24.225.8.c752sa3k9oeb2eg2ehpgc8fnhkeyyyyyn.domsearch.net,AVAILABILITY,origin.list,2022-12-06 05:26:53.523045
229.31.c752sa3k9oeb2eg2ehpgc8fnhkeyyyyyn.domsearch.net,AVAILABILITY,origin.list,2022-12-06 05:27:01.145214
223.c752sa3k9oeb2eg2ehpgc8fnhkeyyyyyn.domsearch.net,AVAILABILITY,origin.list,2022-12-06 05:27:01.271105
225.8.c752sa3k9oeb2eg2ehpgc8fnhkeyyyyyn.domsearch.net,AVAILABILITY,origin.list,2022-12-06 05:27:01.732438
24.225.8.c752sa3k9oeb2eg2ehpgc8fnhkeyyyyyn.domsearch.net,AVAILABILITY,origin.list,2022-12-06 05:27:02.304308
228.c752sa3k9oeb2eg2ehpgc8fnhkeyyyyyn.domsearch.net,AVAILABILITY,origin.list,2022-12-06 05:27:02.433444
213.33.108.84.c752sa3k9oeb2eg2ehpgc8fnhkeyyyyyn.domsearch.net,AVAILABILITY,origin.list,2022-12-06 05:27:09.887885
224.c752sa3k9oeb2eg2ehpgc8fnhkeyyyyyn.domsearch.net,AVAILABILITY,origin.list,2022-12-06 05:27:10.046625
250.45.c752sa3k9oeb2eg2ehpgc8fnhkeyyyyyn.domsearch.net,AVAILABILITY,origin.list,2022-12-06 05:27:10.419259
222.215.c752sa3k9oeb2eg2ehpgc8fnhkeyyyyyn.domsearch.net,AVAILABILITY,origin.list,2022-12-06 05:27:11.064635
233.c752sa3k9oeb2eg2ehpgc8fnhkeyyyyyn.domsearch.net,AVAILABILITY,origin.list,2022-12-06 05:27:11.165909
254.c752sa3k9oeb2eg2ehpgc8fnhkeyyyyyn.domsearch.net,AVAILABILITY,origin.list,2022-12-06 05:27:18.773606
236.253.c752sa3k9oeb2eg2ehpgc8fnhkeyyyyyn.domsearch.net,AVAILABILITY,origin.list,2022-12-06 05:27:18.773960
25.93.59.c752sa3k9oeb2eg2ehpgc8fnhkeyyyyyn.domsearch.net,AVAILABILITY,origin.list,2022-12-06 05:27:19.086287
253.c752sa3k9oeb2eg2ehpgc8fnhkeyyyyyn.domsearch.net,AVAILABILITY,origin.list,2022-12-06 05:27:19.798905
24.4.146.c752sa3k9oeb2eg2ehpgc8fnhkeyyyyyn.domsearch.net,AVAILABILITY,origin.list,2022-12-06 05:27:19.840162
26.112.c752sa3k9oeb2eg2ehpgc8fnhkeyyyyyn.domsearch.net,AVAILABILITY,origin.list,2022-12-06 05:27:27.785610
246.c752sa3k9oeb2eg2ehpgc8fnhkeyyyyyn.domsearch.net,AVAILABILITY,origin.list,2022-12-06 05:27:27.787756
27.101.58.46.c752sa3k9oeb2eg2ehpgc8fnhkeyyyyyn.domsearch.net,AVAILABILITY,origin.list,2022-12-06 05:27:27.846390
31.c752sa3k9oeb2eg2ehpgc8fnhkeyyyyyn.domsearch.net,AVAILABILITY,origin.list,2022-12-06 05:27:28.669382
255.190.c752sa3k9oeb2eg2ehpgc8fnhkeyyyyyn.domsearch.net,AVAILABILITY,origin.list,2022-12-06 05:27:28.753115
29.122.c752sa3k9oeb2eg2ehpgc8fnhkeyyyyyn.domsearch.net,AVAILABILITY,origin.list,2022-12-06 05:27:36.676183
35.c752sa3k9oeb2eg2ehpgc8fnhkeyyyyyn.domsearch.net,AVAILABILITY,origin.list,2022-12-06 05:27:36.682833
33.155.c752sa3k9oeb2eg2ehpgc8fnhkeyyyyyn.domsearch.net,AVAILABILITY,origin.list,2022-12-06 05:27:36.695460
31.53.c752sa3k9oeb2eg2ehpgc8fnhkeyyyyyn.domsearch.net,AVAILABILITY,origin.list,2022-12-06 05:27:37.377037
250.139.c752sa3k9oeb2eg2ehpgc8fnhkeyyyyyn.domsearch.net,AVAILABILITY,origin.list,2022-12-06 05:27:37.535268
45.63.1.220.c752sa3k9oeb2eg2ehpgc8fnhkeyyyyyn.domsearch.net,AVAILABILITY,origin.list,2022-12-06 05:27:45.691329
4.146.c752sa3k9oeb2eg2ehpgc8fnhkeyyyyyn.domsearch.net,AVAILABILITY,origin.list,2022-12-06 05:27:45.692660
37.25.93.59.c752sa3k9oeb2eg2ehpgc8fnhkeyyyyyn.domsearch.net,AVAILABILITY,origin.list,2022-12-06 05:27:45.883301
40.67.181.226.c752sa3k9oeb2eg2ehpgc8fnhkeyyyyyn.domsearch.net,AVAILABILITY,origin.list,2022-12-06 05:27:46.361633
36.37.33.155.c752sa3k9oeb2eg2ehpgc8fnhkeyyyyyn.domsearch.net,AVAILABILITY,origin.list,2022-12-06 05:27:46.462943
36.131.c752sa3k9oeb2eg2ehpgc8fnhkeyyyyyn.domsearch.net,AVAILABILITY,origin.list,2022-12-06 05:27:54.676112
38.142.186.110.c752sa3k9oeb2eg2ehpgc8fnhkeyyyyyn.domsearch.net,AVAILABILITY,origin.list,2022-12-06 05:27:54.711126
33.108.84.c752sa3k9oeb2eg2ehpgc8fnhkeyyyyyn.domsearch.net,AVAILABILITY,origin.list,2022-12-06 05:27:54.764414
37.33.155.c752sa3k9oeb2eg2ehpgc8fnhkeyyyyyn.domsearch.net,AVAILABILITY,origin.list,2022-12-06 05:27:55.076320
4.16.36.131.c752sa3k9oeb2eg2ehpgc8fnhkeyyyyyn.domsearch.net,AVAILABILITY,origin.list,2022-12-06 05:27:55.338468
news.thaprior.net,AVAILABILITY,origin.list,2022-12-06 05:27:56.330004
5.168.92.c752sa3k9oeb2eg2ehpgc8fnhkeyyyyyn.domsearch.net,AVAILABILITY,origin.list,2022-12-06 05:28:03.715503
43.177.224.c752sa3k9oeb2eg2ehpgc8fnhkeyyyyyn.domsearch.net,AVAILABILITY,origin.list,2022-12-06 05:28:03.776430
40.118.236.253.c752sa3k9oeb2eg2ehpgc8fnhkeyyyyyn.domsearch.net,AVAILABILITY,origin.list,2022-12-06 05:28:03.934140
45.c752sa3k9oeb2eg2ehpgc8fnhkeyyyyyn.domsearch.net,AVAILABILITY,origin.list,2022-12-06 05:28:04.263332
4.6.58.c752sa3k9oeb2eg2ehpgc8fnhkeyyyyyn.domsearch.net,AVAILABILITY,origin.list,2022-12-06 05:28:05.355925
46.c752sa3k9oeb2eg2ehpgc8fnhkeyyyyyn.domsearch.net,AVAILABILITY,origin.list,2022-12-06 05:28:12.733692
5.2.67.200.c752sa3k9oeb2eg2ehpgc8fnhkeyyyyyn.domsearch.net,AVAILABILITY,origin.list,2022-12-06 05:28:12.960091
45.12.85.10.c752sa3k9oeb2eg2ehpgc8fnhkeyyyyyn.domsearch.net,AVAILABILITY,origin.list,2022-12-06 05:28:13.076912
53.c752sa3k9oeb2eg2ehpgc8fnhkeyyyyyn.domsearch.net,AVAILABILITY,origin.list,2022-12-06 05:28:13.136158
cdn.mirror-codes.net,AVAILABILITY,origin.list,2022-12-06 05:28:13.257269
58.14.254.c752sa3k9oeb2eg2ehpgc8fnhkeyyyyyn.domsearch.net,AVAILABILITY,origin.list,2022-12-06 05:28:14.125445
status.sublineover.net,AVAILABILITY,origin.list,2022-12-06 05:28:14.875575
59.c752sa3k9oeb2eg2ehpgc8fnhkeyyyyyn.domsearch.net,AVAILABILITY,origin.list,2022-12-06 05:28:21.619482
58.46.c752sa3k9oeb2eg2ehpgc8fnhkeyyyyyn.domsearch.net,AVAILABILITY,origin.list,2022-12-06 05:28:21.752106
52.191.223.146.c752sa3k9oeb2eg2ehpgc8fnhkeyyyyyn.domsearch.net,AVAILABILITY,origin.list,2022-12-06 05:28:21.783809
56.c752sa3k9oeb2eg2ehpgc8fnhkeyyyyyn.domsearch.net,AVAILABILITY,origin.list,2022-12-06 05:28:21.909468
dev.publishers.speakol.com,AVAILABILITY,origin.list,2022-12-06 05:28:22.496061
mmsotk.com,AVAILABILITY,origin.list,2022-12-06 05:28:23.241950
61.29.122.c752sa3k9oeb2eg2ehpgc8fnhkeyyyyyn.domsearch.net,AVAILABILITY,origin.list,2022-12-06 05:28:23.542639
5.c752sa3k9oeb2eg2ehpgc8fnhkeyyyyyn.domsearch.net,AVAILABILITY,origin.list,2022-12-06 05:28:30.309097
52.136.255.190.c752sa3k9oeb2eg2ehpgc8fnhkeyyyyyn.domsearch.net,AVAILABILITY,origin.list,2022-12-06 05:28:30.483666
63.1.220.c752sa3k9oeb2eg2ehpgc8fnhkeyyyyyn.domsearch.net,AVAILABILITY,origin.list,2022-12-06 05:28:30.688187
change-password.yahoo.user-id.0xf4a5.tk,AVAILABILITY,origin.list,2022-12-06 05:28:31.203111
58.c752sa3k9oeb2eg2ehpgc8fnhkeyyyyyn.domsearch.net,AVAILABILITY,origin.list,2022-12-06 05:28:31.905978
52.187.172.223.c752sa3k9oeb2eg2ehpgc8fnhkeyyyyyn.domsearch.net,AVAILABILITY,origin.list,2022-12-06 05:28:32.203339
m.bchchk.cn,AVAILABILITY,origin.list,2022-12-06 05:28:32.300535
0x4fc271.tk,AVAILABILITY,origin.list,2022-12-06 05:28:33.321816
67.200.c752sa3k9oeb2eg2ehpgc8fnhkeyyyyyn.domsearch.net,AVAILABILITY,origin.list,2022-12-06 05:28:38.988910
66.c752sa3k9oeb2eg2ehpgc8fnhkeyyyyyn.domsearch.net,AVAILABILITY,origin.list,2022-12-06 05:28:39.155594
84.c752sa3k9oeb2eg2ehpgc8fnhkeyyyyyn.domsearch.net,AVAILABILITY,origin.list,2022-12-06 05:28:40.872578
67.181.226.c752sa3k9oeb2eg2ehpgc8fnhkeyyyyyn.domsearch.net,AVAILABILITY,origin.list,2022-12-06 05:28:40.999050
59.124.106.c752sa3k9oeb2eg2ehpgc8fnhkeyyyyyn.domsearch.net,AVAILABILITY,origin.list,2022-12-06 05:28:42.016010
user-id.0xf4a5.tk,AVAILABILITY,origin.list,2022-12-06 05:28:42.556813
login.yahoo.user-id.0xf4a5.tk,AVAILABILITY,origin.list,2022-12-06 05:28:43.098557
5frjkvw2w3wv6dnv.onion,AVAILABILITY,origin.list,2022-12-06 05:28:43.685249
4w6ylniamu6x7e3a.onion,AVAILABILITY,origin.list,2022-12-06 05:28:44.287298
analytics.247sports.com,AVAILABILITY,origin.list,2022-12-06 05:28:44.929164
77.229.31.c752sa3k9oeb2eg2ehpgc8fnhkeyyyyyn.domsearch.net,AVAILABILITY,origin.list,2022-12-06 05:28:47.678473
74.c752sa3k9oeb2eg2ehpgc8fnhkeyyyyyn.domsearch.net,AVAILABILITY,origin.list,2022-12-06 05:28:47.970715
unconf.adkmob.com,AVAILABILITY,origin.list,2022-12-06 05:28:48.613951
login.yahoo.com.0x4fc271.tk,AVAILABILITY,origin.list,2022-12-06 05:28:49.048651
93.59.c752sa3k9oeb2eg2ehpgc8fnhkeyyyyyn.domsearch.net,AVAILABILITY,origin.list,2022-12-06 05:28:49.539710
8.110.206.c752sa3k9oeb2eg2ehpgc8fnhkeyyyyyn.domsearch.net,AVAILABILITY,origin.list,2022-12-06 05:28:49.743972
login.yahoo.com.user-id.546874.tk,AVAILABILITY,origin.list,2022-12-06 05:28:50.295961
howupdateworks.amazingupdates4youtoday.website,AVAILABILITY,origin.list,2022-12-06 05:28:50.347560
www.howupdateworks.amazingupdates4youtoday.website,AVAILABILITY,origin.list,2022-12-06 05:28:51.099541
0xf4a5.tk,AVAILABILITY,origin.list,2022-12-06 05:28:51.754284
92.c752sa3k9oeb2eg2ehpgc8fnhkeyyyyyn.domsearch.net,AVAILABILITY,origin.list,2022-12-06 05:28:53.668196
au-xm.com,AVAILABILITY,origin.list,2022-12-06 05:28:54.233826
whia7g.acquafufheirybveru.online,AVAILABILITY,origin.list,2022-12-06 05:28:54.937141
start.apiforssl.com,AVAILABILITY,origin.list,2022-12-06 05:28:55.658648
rtblbtr.alphonso.tv,AVAILABILITY,origin.list,2022-12-06 05:28:56.505451
all-about-sneakers.org,AVAILABILITY,origin.list,2022-12-06 05:28:57.224028
6.58.c752sa3k9oeb2eg2ehpgc8fnhkeyyyyyn.domsearch.net,AVAILABILITY,origin.list,2022-12-06 05:28:57.292074
8.c752sa3k9oeb2eg2ehpgc8fnhkeyyyyyn.domsearch.net,AVAILABILITY,origin.list,2022-12-06 05:28:57.716434
authorizecdn.com,AVAILABILITY,origin.list,2022-12-06 05:28:58.041553
answerstedhctbek.onion,AVAILABILITY,origin.list,2022-12-06 05:28:58.385163
sdklogs.avocarrot.com,AVAILABILITY,origin.list,2022-12-06 05:28:59.095087
badoo-account-security.com,AVAILABILITY,origin.list,2022-12-06 05:28:59.649449
96.84.56.c752sa3k9oeb2eg2ehpgc8fnhkeyyyyyn.domsearch.net,AVAILABILITY,origin.list,2022-12-06 05:28:59.781478
otpe.bestnewsworld.info,AVAILABILITY,origin.list,2022-12-06 05:29:00.432731
net202.127.171.246.c752sa3k9oeb2eg2ehpgc8fnhkeyyyyyn.domsearch.net,AVAILABILITY,origin.list,2022-12-06 05:29:00.489431
arcartall.club,AVAILABILITY,origin.list,2022-12-06 05:29:01.151283
546874.tk,AVAILABILITY,origin.list,2022-12-06 05:29:02.343145
92.16.c752sa3k9oeb2eg2ehpgc8fnhkeyyyyyn.domsearch.net,AVAILABILITY,origin.list,2022-12-06 05:29:06.139830
99.182.35.c752sa3k9oeb2eg2ehpgc8fnhkeyyyyyn.domsearch.net,AVAILABILITY,origin.list,2022-12-06 05:29:06.781425
odaiw3dda.bestnewsworld.info,AVAILABILITY,origin.list,2022-12-06 05:29:06.867975
battery-force.org,AVAILABILITY,origin.list,2022-12-06 05:29:07.427524
uy6x.bestnewsworld.info,AVAILABILITY,origin.list,2022-12-06 05:29:07.576993
smbc.bk-securityo.com,AVAILABILITY,origin.list,2022-12-06 05:29:08.207850
stats.bidgear.com,AVAILABILITY,origin.list,2022-12-06 05:29:08.254558
85.10.c752sa3k9oeb2eg2ehpgc8fnhkeyyyyyn.domsearch.net,AVAILABILITY,origin.list,2022-12-06 05:29:08.504574
uy6x.c3y5-tools.com,AVAILABILITY,origin.list,2022-12-06 05:29:09.025435
bjvbcpwryhtjotxcpur.eu,AVAILABILITY,origin.list,2022-12-06 05:31:56.231028
www.canuck-method.com,AVAILABILITY,origin.list,2022-12-06 05:31:56.262026
btosports.net,AVAILABILITY,origin.list,2022-12-06 05:31:56.332870
bannerbuzz.info,AVAILABILITY,origin.list,2022-12-06 05:31:56.863938
dyh.cafnc.com,AVAILABILITY,origin.list,2022-12-06 05:31:56.932642
chicksaddlery.net,AVAILABILITY,origin.list,2022-12-06 05:31:57.082274
1144133033.rsc.cdn77.org,AVAILABILITY,origin.list,2022-12-06 05:31:57.399973
cdmgqqdqjwlo.eu,AVAILABILITY,origin.list,2022-12-06 05:31:57.669098
clickopon.com,AVAILABILITY,origin.list,2022-12-06 05:31:58.049889
promotion.com-rewards.club,AVAILABILITY,origin.list,2022-12-06 05:31:58.189547
blackriverimaging.org,AVAILABILITY,origin.list,2022-12-06 05:31:58.883614
www.com-fasting.live,AVAILABILITY,origin.list,2022-12-06 05:31:59.374427
www.applog.camera360.com,AVAILABILITY,origin.list,2022-12-06 05:31:59.417954
christohperward.org,AVAILABILITY,origin.list,2022-12-06 05:31:59.728004
yahoo.com.change-password.ml,AVAILABILITY,origin.list,2022-12-06 05:32:00.308668
com-google.site,AVAILABILITY,origin.list,2022-12-06 05:32:00.783665
www.clickopon.com,AVAILABILITY,origin.list,2022-12-06 05:32:01.416135
apple.com-notice.info,AVAILABILITY,origin.list,2022-12-06 05:32:01.917888
apple.com-fasting.live,AVAILABILITY,origin.list,2022-12-06 05:32:02.408116
chrome-redirect.top,AVAILABILITY,origin.list,2022-12-06 05:32:02.900078
www.apple.com-fasting.live,AVAILABILITY,origin.list,2022-12-06 05:32:03.438083
citywlnery.org,AVAILABILITY,origin.list,2022-12-06 05:32:03.581763
support.apple.com-notice.info,AVAILABILITY,origin.list,2022-12-06 05:32:04.078330
84.56.c752sa3k9oeb2eg2ehpgc8fnhkeyyyyyn.domsearch.net,AVAILABILITY,origin.list,2022-12-06 05:32:04.288104
c752sa3k9oeb2eg2ehpgc8fnhkeyyyyyn.domsearch.net,AVAILABILITY,origin.list,2022-12-06 05:32:04.349195
www.support.apple.com-notice.info,AVAILABILITY,origin.list,2022-12-06 05:32:04.575166
childsplayclothing.org,AVAILABILITY,origin.list,2022-12-06 05:32:04.968159
change-password.ml,AVAILABILITY,origin.list,2022-12-06 05:32:05.022452
covidflix20.xyz,AVAILABILITY,origin.list,2022-12-06 05:32:05.163256
www.com-notice.info,AVAILABILITY,origin.list,2022-12-06 05:32:05.566723
www.apple.com-notice.info,AVAILABILITY,origin.list,2022-12-06 05:32:05.588607
www.promotion.com-rewards.club,AVAILABILITY,origin.list,2022-12-06 05:32:05.725190
praisesalways.ddns.net,AVAILABILITY,origin.list,2022-12-06 05:32:06.134098
apps3.cointraffic.io,AVAILABILITY,origin.list,2022-12-06 05:32:06.155280
covidflix19.xyz,AVAILABILITY,origin.list,2022-12-06 05:32:06.273736
wildcard.directtrack.com.wipext.digitalriverws.com,AVAILABILITY,origin.list,2022-12-06 05:32:06.727624
dfgdgertdvdf.online,AVAILABILITY,origin.list,2022-12-06 05:32:06.809249
droptop4.com,AVAILABILITY,origin.list,2022-12-06 05:32:07.290608
droptop9.com,AVAILABILITY,origin.list,2022-12-06 05:32:07.463989
coffetea.org,AVAILABILITY,origin.list,2022-12-06 05:32:07.687751
47361.ns1.dns-info.tk,AVAILABILITY,origin.list,2022-12-06 05:32:07.798586
dahlie.org,AVAILABILITY,origin.list,2022-12-06 05:32:08.019595
98.133.66.c752sa3k9oeb2eg2ehpgc8fnhkeyyyyyn.domsearch.net,AVAILABILITY,origin.list,2022-12-06 05:32:08.063691
droptop5.com,AVAILABILITY,origin.list,2022-12-06 05:32:08.937203
cdn.doublesclick.me,AVAILABILITY,origin.list,2022-12-06 05:32:08.938187
droptop6.com,AVAILABILITY,origin.list,2022-12-06 05:32:09.516172
login.dotomi.net,AVAILABILITY,origin.list,2022-12-06 05:32:09.880924
static.doublesclick.info,AVAILABILITY,origin.list,2022-12-06 05:32:10.128097
droptop8.com,AVAILABILITY,origin.list,2022-12-06 05:32:10.421159
dswdsw.co,AVAILABILITY,origin.list,2022-12-06 05:32:10.651368
dswfjr.nl,AVAILABILITY,origin.list,2022-12-06 05:32:10.969824
dswmain.fr,AVAILABILITY,origin.list,2022-12-06 05:32:11.189810
davidsfootwear.org,AVAILABILITY,origin.list,2022-12-06 05:32:11.445789
droptop7.com,AVAILABILITY,origin.list,2022-12-06 05:32:11.593390
dswfjrsitejfnsite.com,AVAILABILITY,origin.list,2022-12-06 05:32:12.124778
dswdsw.org,AVAILABILITY,origin.list,2022-12-06 05:32:12.715737
test.c752sa3k9oeb2eg2ehpgc8fnhkeyyyyyn.domsearch.net,AVAILABILITY,origin.list,2022-12-06 05:32:13.102481
dswncdn.in,AVAILABILITY,origin.list,2022-12-06 05:32:13.279304
airjaldinet.ml,AVAILABILITY,origin.list,2022-12-06 05:32:13.417286
dswkcnfjrfjrkcn.us,AVAILABILITY,origin.list,2022-12-06 05:32:14.003160
dswfjrncdn.info,AVAILABILITY,origin.list,2022-12-06 05:32:14.252011
dswmainpowerncdnsrv.in,AVAILABILITY,origin.list,2022-12-06 05:32:14.589737
dswfjr.tk,AVAILABILITY,origin.list,2022-12-06 05:32:14.727221
dswncjnrjnrj.fr,AVAILABILITY,origin.list,2022-12-06 05:32:15.214117
dswjfnnrj.in,AVAILABILITY,origin.list,2022-12-06 05:32:15.997859
dswncdnfjrsrvserv.us,AVAILABILITY,origin.list,2022-12-06 05:32:16.597269
dswfjrncj.in,AVAILABILITY,origin.list,2022-12-06 05:32:16.610704
c752sa3k9ob2eg2ehpgc8fnhkeyyyyyn.domsearch.net,AVAILABILITY,origin.list,2022-12-06 05:32:16.631437
dswncdnikjsrv.nl,AVAILABILITY,origin.list,2022-12-06 05:32:17.661719
dswncdnikjnrj.ch,AVAILABILITY,origin.list,2022-12-06 05:32:17.716364
dswkcnpbnmainsrv.ro,AVAILABILITY,origin.list,2022-12-06 05:32:17.735271
dobell.su,AVAILABILITY,origin.list,2022-12-06 05:32:18.952160
dswpower.in,AVAILABILITY,origin.list,2022-12-06 05:32:19.609288
dswpowerncdn.nl,AVAILABILITY,origin.list,2022-12-06 05:32:20.185215
dswmainfjrncjfjr.us,AVAILABILITY,origin.list,2022-12-06 05:32:20.421639
dswsite.nl,AVAILABILITY,origin.list,2022-12-06 05:32:21.009351
dswncjpbn.ca,AVAILABILITY,origin.list,2022-12-06 05:32:21.565550
c752sa.k9oeb2eg2ehpgc8fnhkeyyyyyn.domsearch.net,AVAILABILITY,origin.list,2022-12-06 05:32:21.690517
dswncdnjfn.nl,AVAILABILITY,origin.list,2022-12-06 05:32:21.962922
dswservncdnikjmain.fr,AVAILABILITY,origin.list,2022-12-06 05:32:22.433459
dswsite.info,AVAILABILITY,origin.list,2022-12-06 05:32:22.682999
dswservncjjfn.fr,AVAILABILITY,origin.list,2022-12-06 05:32:22.786276
c752sa3k9oeb2egpgc8fnhkeyyyyy.domsearch.net,AVAILABILITY,origin.list,2022-12-06 05:32:23.002427
emippbnbphyloo.eu,AVAILABILITY,origin.list,2022-12-06 05:32:23.356529
dswsrvyhdyhd.fr,AVAILABILITY,origin.list,2022-12-06 05:32:23.628656
emails-support.site,AVAILABILITY,origin.list,2022-12-06 05:32:23.859688
dswservdswpowerpower.in,AVAILABILITY,origin.list,2022-12-06 05:32:24.218681
dswyhd.nl,AVAILABILITY,origin.list,2022-12-06 05:32:24.320589
ensure-https.com,AVAILABILITY,origin.list,2022-12-06 05:32:24.349859
info.dyndns.pro,AVAILABILITY,origin.list,2022-12-06 05:32:24.868543
dswsiteserv.nl,AVAILABILITY,origin.list,2022-12-06 05:32:24.923675
calltracking.fathomseo.com,AVAILABILITY,origin.list,2022-12-06 05:32:24.953904
energycoffe.org,AVAILABILITY,origin.list,2022-12-06 05:32:25.505043
wcb.eygefl.com,AVAILABILITY,origin.list,2022-12-06 05:32:25.515089
fjrkcnkcn.ch,AVAILABILITY,origin.list,2022-12-06 05:32:26.062962
fh.fhcwk4q.xyz,AVAILABILITY,origin.list,2022-12-06 05:32:26.071986
dswpowersrvncdn.tk,AVAILABILITY,origin.list,2022-12-06 05:32:26.323707
www.domsearch.net,AVAILABILITY,origin.list,2022-12-06 05:32:26.617129
fjrikjfjrsite.in,AVAILABILITY,origin.list,2022-12-06 05:32:26.716753
exrpesso.org,AVAILABILITY,origin.list,2022-12-06 05:32:26.903113
fjrikjnrjdswnrj.info,AVAILABILITY,origin.list,2022-12-06 05:32:27.159859
fjrfjrkcnfjrpbn.nl,AVAILABILITY,origin.list,2022-12-06 05:32:27.466846
fjrdswsitepbnyhd.cn,AVAILABILITY,origin.list,2022-12-06 05:32:27.747286
energytea.org,AVAILABILITY,origin.list,2022-12-06 05:32:27.764054
fjrdswmain.nl,AVAILABILITY,origin.list,2022-12-06 05:32:27.993075
fjrjfnserv.nl,AVAILABILITY,origin.list,2022-12-06 05:32:28.264767
fjrncdnncjpowerpbn.nl,AVAILABILITY,origin.list,2022-12-06 05:32:28.541141
fjrmain.co,AVAILABILITY,origin.list,2022-12-06 05:32:28.682984
fjrmainpbndsw.com,AVAILABILITY,origin.list,2022-12-06 05:32:28.915679
fjrncdn.nl,AVAILABILITY,origin.list,2022-12-06 05:32:29.213444
fjrikjmain.in,AVAILABILITY,origin.list,2022-12-06 05:32:29.760039
fjrmainncjdsw.in,AVAILABILITY,origin.list,2022-12-06 05:32:30.078484
fjrnchdn.us,AVAILABILITY,origin.list,2022-12-06 05:32:30.971049
c752sa3k9oeb2ehgpgc8fnhkeyyyyy.domsearch.net,AVAILABILITY,origin.list,2022-12-06 05:32:31.071253
dswdsw.ru,AVAILABILITY,origin.list,2022-12-06 05:32:31.260320
fjrnrjncdnyhdncj.com,AVAILABILITY,origin.list,2022-12-06 05:32:31.652990
fjrikj.in,AVAILABILITY,origin.list,2022-12-06 05:32:31.798205
fjrncdnkcn.nl,AVAILABILITY,origin.list,2022-12-06 05:32:32.268738
fjrncdnfjryhdsrv.nl,AVAILABILITY,origin.list,2022-12-06 05:32:32.392108
fjrncdnyhd.info,AVAILABILITY,origin.list,2022-12-06 05:32:32.983906
fjrncjyhdncdn.info,AVAILABILITY,origin.list,2022-12-06 05:32:33.619447
fjrncj.nl,AVAILABILITY,origin.list,2022-12-06 05:32:34.066279
dswdswsrv.ru,AVAILABILITY,origin.list,2022-12-06 05:32:34.116179
fjrjfnjfnikjyhd.biz,AVAILABILITY,origin.list,2022-12-06 05:32:34.712510
fjrncjjfnfjrserv.cn,AVAILABILITY,origin.list,2022-12-06 05:32:35.311510
fjrncj.org,AVAILABILITY,origin.list,2022-12-06 05:32:36.235101
fjrpbn.in,AVAILABILITY,origin.list,2022-12-06 05:32:36.316853
fjrnrjmain.us,AVAILABILITY,origin.list,2022-12-06 05:32:36.799541
fjrsitejfnmainserv.ro,AVAILABILITY,origin.list,2022-12-06 05:32:37.108477
fjryhdjfnsiteserv.ch,AVAILABILITY,origin.list,2022-12-06 05:32:37.338601
mail.domsearch.net,AVAILABILITY,origin.list,2022-12-06 05:32:37.528575
fjrsitefjrfjrsite.co,AVAILABILITY,origin.list,2022-12-06 05:32:37.635738
fjrncjservfjr.tk,AVAILABILITY,origin.list,2022-12-06 05:32:37.638150
fjrsitencdnmain.ca,AVAILABILITY,origin.list,2022-12-06 05:32:37.865324
fjrsrvncdnnrjserv.nl,AVAILABILITY,origin.list,2022-12-06 05:32:38.119291
garant-help.com,AVAILABILITY,origin.list,2022-12-06 05:32:38.234089
k9oeb2eg2ehpgc8fnhkeyyyyyn.domsearch.net,AVAILABILITY,origin.list,2022-12-06 05:32:38.335501
fjrnrjncj.cn,AVAILABILITY,origin.list,2022-12-06 05:32:38.401888
fjrnrjdsw.biz,AVAILABILITY,origin.list,2022-12-06 05:32:38.410016
fjrsrvsrv.in,AVAILABILITY,origin.list,2022-12-06 05:32:38.746615
freekremlin.com,AVAILABILITY,origin.list,2022-12-06 05:32:38.867201
glt-hub.com,AVAILABILITY,origin.list,2022-12-06 05:32:39.105457
fjrsitenrj.in,AVAILABILITY,origin.list,2022-12-06 05:32:39.478702
git-secure-service.in,AVAILABILITY,origin.list,2022-12-06 05:32:39.516815
freshchat.info,AVAILABILITY,origin.list,2022-12-06 05:32:39.668228
fjrservncdn.info,AVAILABILITY,origin.list,2022-12-06 05:32:39.954197
www.govrefund-uk.com,AVAILABILITY,origin.list,2022-12-06 05:32:40.122203
wow.gbhkhbm.com,AVAILABILITY,origin.list,2022-12-06 05:32:40.205762
dswkcnyhdservsrv.ru,AVAILABILITY,origin.list,2022-12-06 05:32:40.769705
www.adv.grandonmedia.com,AVAILABILITY,origin.list,2022-12-06 05:32:40.794184
ads.grandonmedia.com,AVAILABILITY,origin.list,2022-12-06 05:32:40.933684
ffdgbserv.ml,AVAILABILITY,origin.list,2022-12-06 05:32:41.122968
ffdpogservgbunity.ml,AVAILABILITY,origin.list,2022-12-06 05:32:41.261355
firejun.freetcp.com,AVAILABILITY,origin.list,2022-12-06 05:32:41.433512
glthubs.info,AVAILABILITY,origin.list,2022-12-06 05:32:41.476568
click.grandonmedia.com,AVAILABILITY,origin.list,2022-12-06 05:32:41.486624
glthubb.info,AVAILABILITY,origin.list,2022-12-06 05:32:41.929768
www.api.grandonmedia.com,AVAILABILITY,origin.list,2022-12-06 05:32:42.442401
www.bid.grandonmedia.com,AVAILABILITY,origin.list,2022-12-06 05:32:42.453038
www.ads.grandonmedia.com,AVAILABILITY,origin.list,2022-12-06 05:32:42.521193
api.grandonmedia.com,AVAILABILITY,origin.list,2022-12-06 05:32:42.719380
fjryhd.tk,AVAILABILITY,origin.list,2022-12-06 05:32:42.773404
www.click.grandonmedia.com,AVAILABILITY,origin.list,2022-12-06 05:32:43.254489
pub.grandonmedia.com,AVAILABILITY,origin.list,2022-12-06 05:32:43.386756
adv.grandonmedia.com,AVAILABILITY,origin.list,2022-12-06 05:32:43.446398
www.pub.grandonmedia.com,AVAILABILITY,origin.list,2022-12-06 05:32:43.479078
bid.grandonmedia.com,AVAILABILITY,origin.list,2022-12-06 05:32:43.589495
grxugvrwynyeyh.eu,AVAILABILITY,origin.list,2022-12-06 05:32:44.096605
www.grandonmedia.com,AVAILABILITY,origin.list,2022-12-06 05:32:44.215083
www.hrtya.com,AVAILABILITY,origin.list,2022-12-06 05:32:44.232583
dhcp.godaddydns.com,AVAILABILITY,origin.list,2022-12-06 05:32:44.265765
login.yahoo.com.id451295.com,AVAILABILITY,origin.list,2022-12-06 05:32:44.373267
agl.hotstar.com,AVAILABILITY,origin.list,2022-12-06 05:32:45.158216
ikjdswpbnsitepbn.ca,AVAILABILITY,origin.list,2022-12-06 05:32:45.221763
ikjfjr.ch,AVAILABILITY,origin.list,2022-12-06 05:32:45.227628
ikjikj.fr,AVAILABILITY,origin.list,2022-12-06 05:32:45.289399
kindora85.fvds.ru,AVAILABILITY,origin.list,2022-12-06 05:32:45.643583
ikjikj.in,AVAILABILITY,origin.list,2022-12-06 05:32:46.282889
appledaily.googlephoto.vip,AVAILABILITY,origin.list,2022-12-06 05:32:46.342104
ikjdswyhd.fr,AVAILABILITY,origin.list,2022-12-06 05:32:46.387059
ikjdswnrjyhd.fr,AVAILABILITY,origin.list,2022-12-06 05:32:46.543725
ikjmain.com,AVAILABILITY,origin.list,2022-12-06 05:32:46.946661
ikjdswdsw.us,AVAILABILITY,origin.list,2022-12-06 05:32:46.981780
ikjmain.fr,AVAILABILITY,origin.list,2022-12-06 05:32:47.312666
greatfurnituretradingco.org,AVAILABILITY,origin.list,2022-12-06 05:32:47.399395
peacelist.ignorelist.com,AVAILABILITY,origin.list,2022-12-06 05:32:48.019143
ikjncj.fr,AVAILABILITY,origin.list,2022-12-06 05:32:48.124104
ikjikjmainpbnpower.com,AVAILABILITY,origin.list,2022-12-06 05:32:48.234285
ikjmain.nl,AVAILABILITY,origin.list,2022-12-06 05:32:48.820829
ikjncdnmainpower.ch,AVAILABILITY,origin.list,2022-12-06 05:32:49.071873
ikjsitejfnsrvmain.fr,AVAILABILITY,origin.list,2022-12-06 05:32:49.112958
ikjmainfjrikj.nl,AVAILABILITY,origin.list,2022-12-06 05:32:50.227651
ikjmainfjrncjmain.nl,AVAILABILITY,origin.list,2022-12-06 05:32:50.479388
fjrfjrpbndsw.ru,AVAILABILITY,origin.list,2022-12-06 05:32:50.692459
ikjnrjsrv.ca,AVAILABILITY,origin.list,2022-12-06 05:32:51.066414
ikjnrjdswnrjkcn.us,AVAILABILITY,origin.list,2022-12-06 05:32:51.214847
ikjncdnfjr.ro,AVAILABILITY,origin.list,2022-12-06 05:32:51.354843
ikjmain.us,AVAILABILITY,origin.list,2022-12-06 05:32:51.360277
ikjncjjfnjfnsite.us,AVAILABILITY,origin.list,2022-12-06 05:32:51.943692
ikjpowerdswdsw.nl,AVAILABILITY,origin.list,2022-12-06 05:32:52.281053
ikjpowernrjikj.fr,AVAILABILITY,origin.list,2022-12-06 05:32:52.633792
ikjpower.in,AVAILABILITY,origin.list,2022-12-06 05:32:53.300746
ikjncdnjfn.info,AVAILABILITY,origin.list,2022-12-06 05:32:53.815133
ikjsitesitefjr.ch,AVAILABILITY,origin.list,2022-12-06 05:32:54.025485
ikjpbnsrv.info,AVAILABILITY,origin.list,2022-12-06 05:32:54.146137
ikjkcnyhd.tk,AVAILABILITY,origin.list,2022-12-06 05:32:54.374536
ikjpowerpowerjfnserv.org,AVAILABILITY,origin.list,2022-12-06 05:32:55.018805
ikjyhdnrjkcnsrv.nl,AVAILABILITY,origin.list,2022-12-06 05:32:55.138312
info-js.link,AVAILABILITY,origin.list,2022-12-06 05:32:55.256063
ikjncjncj.nl,AVAILABILITY,origin.list,2022-12-06 05:32:55.382890
ikjyhdncdnpower.ch,AVAILABILITY,origin.list,2022-12-06 05:32:56.341521
msg-0209861dced41c7ef.insurads.com,AVAILABILITY,origin.list,2022-12-06 05:32:56.371891
ikjyhdikjdswfjr.in,AVAILABILITY,origin.list,2022-12-06 05:32:56.509344
ikjsrv.nl,AVAILABILITY,origin.list,2022-12-06 05:32:56.591150
ikjservncjpower.info,AVAILABILITY,origin.list,2022-12-06 05:32:57.006350
ikjyhdpowerpower.in,AVAILABILITY,origin.list,2022-12-06 05:32:57.437347
ikjyhdncdnpbnserv.in,AVAILABILITY,origin.list,2022-12-06 05:32:57.604776
ikjyhdservpbn.com,AVAILABILITY,origin.list,2022-12-06 05:32:57.650746
ilwxedddvolepx.eu,AVAILABILITY,origin.list,2022-12-06 05:32:58.061322
init.ps,AVAILABILITY,origin.list,2022-12-06 05:32:58.220742
jackbootedroom.com,AVAILABILITY,origin.list,2022-12-06 05:32:58.292330
ikjyhdservpbnjfn.nl,AVAILABILITY,origin.list,2022-12-06 05:32:58.294539
ikjyhdncj.nl,AVAILABILITY,origin.list,2022-12-06 05:32:58.596669
priv.inteleksys.com,AVAILABILITY,origin.list,2022-12-06 05:32:58.897926
shop.inteleksys.com,AVAILABILITY,origin.list,2022-12-06 05:32:58.936996
byte.inteleksys.com,AVAILABILITY,origin.list,2022-12-06 05:32:58.958588
sales.inteleksys.com,AVAILABILITY,origin.list,2022-12-06 05:32:59.142347
jfndsw.fr,AVAILABILITY,origin.list,2022-12-06 05:32:59.535584
www.jailbsearch.xyz,AVAILABILITY,origin.list,2022-12-06 05:32:59.642809
cionx.inteleksys.com,AVAILABILITY,origin.list,2022-12-06 05:32:59.781277
www.jackbootedroom.com,AVAILABILITY,origin.list,2022-12-06 05:32:59.797480
jfndswikj.nl,AVAILABILITY,origin.list,2022-12-06 05:33:00.084239
xizr.inteleksys.com,AVAILABILITY,origin.list,2022-12-06 05:33:00.419498
jfnfjrikjmainncj.ch,AVAILABILITY,origin.list,2022-12-06 05:33:00.440768
fwg23tt23qwef.ru,AVAILABILITY,origin.list,2022-12-06 05:33:00.615876
jfnfjr.ca,AVAILABILITY,origin.list,2022-12-06 05:33:00.665952
jfndswsitesrvpower.in,AVAILABILITY,origin.list,2022-12-06 05:33:00.925633
jfnfjrsitejfnsite.com,AVAILABILITY,origin.list,2022-12-06 05:33:01.025328
view.inteleksys.com,AVAILABILITY,origin.list,2022-12-06 05:33:01.077095
jfnfjrnrj.fr,AVAILABILITY,origin.list,2022-12-06 05:33:01.371224
jfnjfn.com,AVAILABILITY,origin.list,2022-12-06 05:33:01.598471
jfnikjpowerfjr.nl,AVAILABILITY,origin.list,2022-12-06 05:33:01.888222
jfnncdnkcn.com,AVAILABILITY,origin.list,2022-12-06 05:33:02.252924
jfnjfnservikj.com,AVAILABILITY,origin.list,2022-12-06 05:33:02.416984
jfnfjr.biz,AVAILABILITY,origin.list,2022-12-06 05:33:02.871921
jfnfjrmaindswnrj.nl,AVAILABILITY,origin.list,2022-12-06 05:33:02.984171
jfnncjnrjpower.com,AVAILABILITY,origin.list,2022-12-06 05:33:03.011155
jfnkcnpowerjfnyhd.info,AVAILABILITY,origin.list,2022-12-06 05:33:03.088459
jfnmainpower.nl,AVAILABILITY,origin.list,2022-12-06 05:33:03.551244
jfnkcnservncdn.nl,AVAILABILITY,origin.list,2022-12-06 05:33:03.655802
jfnmain.in,AVAILABILITY,origin.list,2022-12-06 05:33:04.272315
jfnfjrmainjfnjfn.nl,AVAILABILITY,origin.list,2022-12-06 05:33:04.519781
jfnncdn.tk,AVAILABILITY,origin.list,2022-12-06 05:33:04.652386
jfnikjjfnjfn.us,AVAILABILITY,origin.list,2022-12-06 05:33:04.692025
jfnikjsrvnrjikj.biz,AVAILABILITY,origin.list,2022-12-06 05:33:04.801792
jfnnrj.nl,AVAILABILITY,origin.list,2022-12-06 05:33:05.117701
jfnncdn.nl,AVAILABILITY,origin.list,2022-12-06 05:33:05.247033
jfnjfn.ro,AVAILABILITY,origin.list,2022-12-06 05:33:05.599662
jfnmainkcnsitefjr.info,AVAILABILITY,origin.list,2022-12-06 05:33:05.685233
jfnpowerikj.nl,AVAILABILITY,origin.list,2022-12-06 05:33:05.879110
jfnkcn.nl,AVAILABILITY,origin.list,2022-12-06 05:33:06.122940
jfnncjyhdkcn.nl,AVAILABILITY,origin.list,2022-12-06 05:33:06.144025
joodfbnm15.eu,AVAILABILITY,origin.list,2022-12-06 05:33:06.784081
jfnnrjjfndsw.nl,AVAILABILITY,origin.list,2022-12-06 05:33:06.880300
jfnservncjsite.in,AVAILABILITY,origin.list,2022-12-06 05:33:06.894581
jfnpowerservkcn.nl,AVAILABILITY,origin.list,2022-12-06 05:33:07.220375
jfnsiteserv.nl,AVAILABILITY,origin.list,2022-12-06 05:33:07.353578
jfnmainncj.org,AVAILABILITY,origin.list,2022-12-06 05:33:07.468928
joodfbnm.eu,AVAILABILITY,origin.list,2022-12-06 05:33:07.678824
jfnnrjsrvyhd.org,AVAILABILITY,origin.list,2022-12-06 05:33:07.724032
joodfbnm12.eu,AVAILABILITY,origin.list,2022-12-06 05:33:07.860557
jfnnrjsrv.org,AVAILABILITY,origin.list,2022-12-06 05:33:08.052147
jfnyhdkcn.com,AVAILABILITY,origin.list,2022-12-06 05:33:08.226745
jfnsrvsrvncdnnrj.ch,AVAILABILITY,origin.list,2022-12-06 05:33:08.657924
joodfbnm13.eu,AVAILABILITY,origin.list,2022-12-06 05:33:08.839802
jfnyhdpowernrjncdn.in,AVAILABILITY,origin.list,2022-12-06 05:33:08.942543
jfnnrjyhd.nl,AVAILABILITY,origin.list,2022-12-06 05:33:09.019455
joodfbnm10.eu,AVAILABILITY,origin.list,2022-12-06 05:33:09.432944
joodfbnm1.eu,AVAILABILITY,origin.list,2022-12-06 05:33:09.490755
jfnsrvpbnserv.nl,AVAILABILITY,origin.list,2022-12-06 05:33:09.568686
joodfbnm16.eu,AVAILABILITY,origin.list,2022-12-06 05:33:09.783489
joodfbnm24.eu,AVAILABILITY,origin.list,2022-12-06 05:33:10.273779
joodfbnm11.eu,AVAILABILITY,origin.list,2022-12-06 05:33:11.086964
joodfbnm14.eu,AVAILABILITY,origin.list,2022-12-06 05:33:11.087392
joodfbnm20.eu,AVAILABILITY,origin.list,2022-12-06 05:33:11.234744
joodfbnm19.eu,AVAILABILITY,origin.list,2022-12-06 05:33:11.254585
ikjmainmain.ru,AVAILABILITY,origin.list,2022-12-06 05:33:11.294351
joodfbnm22.eu,AVAILABILITY,origin.list,2022-12-06 05:33:11.893586
joodfbnm18.eu,AVAILABILITY,origin.list,2022-12-06 05:33:11.949140
joodfbnm21.eu,AVAILABILITY,origin.list,2022-12-06 05:33:12.003567
joodfbnm17.eu,AVAILABILITY,origin.list,2022-12-06 05:33:12.009086
joodfbnm3.eu,AVAILABILITY,origin.list,2022-12-06 05:33:12.541265
joodfbnm26.eu,AVAILABILITY,origin.list,2022-12-06 05:33:12.688531
jfnyhdsite.us,AVAILABILITY,origin.list,2022-12-06 05:33:12.852473
joodfbnm4.eu,AVAILABILITY,origin.list,2022-12-06 05:33:12.874433
joodfbnm23.eu,AVAILABILITY,origin.list,2022-12-06 05:33:13.092660
joodfbnm2.eu,AVAILABILITY,origin.list,2022-12-06 05:33:13.731315
joodfbnm25.eu,AVAILABILITY,origin.list,2022-12-06 05:33:13.750795
rakuten.jp-bankq.com,AVAILABILITY,origin.list,2022-12-06 05:33:13.758845
jibun.jp-bankq.com,AVAILABILITY,origin.list,2022-12-06 05:33:13.990745
mufg.jp-bankq.com,AVAILABILITY,origin.list,2022-12-06 05:33:14.274402
joodfbnm27.eu,AVAILABILITY,origin.list,2022-12-06 05:33:14.292675
joodfbnm7.eu,AVAILABILITY,origin.list,2022-12-06 05:33:14.490318
joodfbnm6.eu,AVAILABILITY,origin.list,2022-12-06 05:33:14.547999
joodfbnm9.eu,AVAILABILITY,origin.list,2022-12-06 05:33:14.590000
joodfbnm8.eu,AVAILABILITY,origin.list,2022-12-06 05:33:15.290914
jppost.jp-bankq.com,AVAILABILITY,origin.list,2022-12-06 05:33:15.492661
seven.jp-bankq.com,AVAILABILITY,origin.list,2022-12-06 05:33:15.503323
smbc.jp-bankq.com,AVAILABILITY,origin.list,2022-12-06 05:33:15.623327
jnb.jp-bankq.com,AVAILABILITY,origin.list,2022-12-06 05:33:15.674485
sbi.jp-bankq.com,AVAILABILITY,origin.list,2022-12-06 05:33:16.383371
kcnfjrpowerikj.nl,AVAILABILITY,origin.list,2022-12-06 05:33:16.397562
kcnfjrikj.nl,AVAILABILITY,origin.list,2022-12-06 05:33:16.581945
joodfbnm29.eu,AVAILABILITY,origin.list,2022-12-06 05:33:16.596556
kcnikjpower.info,AVAILABILITY,origin.list,2022-12-06 05:33:17.155960
kcnikj.fr,AVAILABILITY,origin.list,2022-12-06 05:33:17.469206
kcnfjrservkcn.in,AVAILABILITY,origin.list,2022-12-06 05:33:18.162788
kcndswservyhdsrv.nl,AVAILABILITY,origin.list,2022-12-06 05:33:18.281602
kcnikj.ca,AVAILABILITY,origin.list,2022-12-06 05:33:18.486695
kcnikjmainncdn.in,AVAILABILITY,origin.list,2022-12-06 05:33:18.709059
kcnikjsrvkcn.info,AVAILABILITY,origin.list,2022-12-06 05:33:19.044956
kcnfjrncj.in,AVAILABILITY,origin.list,2022-12-06 05:33:19.198386
kcnikj.in,AVAILABILITY,origin.list,2022-12-06 05:33:19.549103
kcnmainnrjsrv.info,AVAILABILITY,origin.list,2022-12-06 05:33:19.707200
kcnikjnrj.in,AVAILABILITY,origin.list,2022-12-06 05:33:19.972990
kcnfjr.info,AVAILABILITY,origin.list,2022-12-06 05:33:20.049943
kcnjfn.com,AVAILABILITY,origin.list,2022-12-06 05:33:25.069499
jfnmainpoweryhd.ru,AVAILABILITY,origin.list,2022-12-06 05:33:40.172642
kcnmainnrj.fr,AVAILABILITY,origin.list,2022-12-06 05:33:40.322366
kcnnrjikjmainncdn.fr,AVAILABILITY,origin.list,2022-12-06 05:33:40.649072
kcnjfn.nl,AVAILABILITY,origin.list,2022-12-06 05:33:40.649436
kcnikjsrv.nl,AVAILABILITY,origin.list,2022-12-06 05:33:40.704233
kcnncjnrjnrjfjr.in,AVAILABILITY,origin.list,2022-12-06 05:33:43.500046
kcnkcnikjncj.in,AVAILABILITY,origin.list,2022-12-06 05:33:43.503949
kcnncjsiteyhdserv.nl,AVAILABILITY,origin.list,2022-12-06 05:33:43.523551
kcnkcnpbnserv.org,AVAILABILITY,origin.list,2022-12-06 05:33:44.519689
kcnncdn.nl,AVAILABILITY,origin.list,2022-12-06 05:33:44.667463
kcnnrjncjncjkcn.in,AVAILABILITY,origin.list,2022-12-06 05:33:44.756380
kcnncdnfjr.info,AVAILABILITY,origin.list,2022-12-06 05:33:44.809841
kcnikjservjfnfjr.biz,AVAILABILITY,origin.list,2022-12-06 05:33:44.842971
kcnnrjyhdkcn.nl,AVAILABILITY,origin.list,2022-12-06 05:33:45.869209
kcnpbnyhd.fr,AVAILABILITY,origin.list,2022-12-06 05:33:45.995966
kcnpbnpower.com,AVAILABILITY,origin.list,2022-12-06 05:33:46.052585
kcnnrjjfnsrv.info,AVAILABILITY,origin.list,2022-12-06 05:33:46.138836
kcnncj.nl,AVAILABILITY,origin.list,2022-12-06 05:33:46.815905
kcnpecdbnserv.org,AVAILABILITY,origin.list,2022-12-06 05:33:47.177170
kcnncdn.in,AVAILABILITY,origin.list,2022-12-06 05:33:47.230298
kcnpowerpbn.nl,AVAILABILITY,origin.list,2022-12-06 05:33:47.231332
knkykjvd.eu,AVAILABILITY,origin.list,2022-12-06 05:33:47.783842
kcnservyhd.in,AVAILABILITY,origin.list,2022-12-06 05:33:48.022131
kcnserv.nl,AVAILABILITY,origin.list,2022-12-06 05:33:48.474937
kcnpbnserv.co,AVAILABILITY,origin.list,2022-12-06 05:33:48.650617
www.stats.jpush.cn,AVAILABILITY,origin.list,2022-12-06 05:33:48.783427
kcnnrj.us,AVAILABILITY,origin.list,2022-12-06 05:33:49.106882
kcnncjncdnjfn.in,AVAILABILITY,origin.list,2022-12-06 05:33:49.251314
kcnpbn.co,AVAILABILITY,origin.list,2022-12-06 05:33:49.860412
kcnsitemain.ca,AVAILABILITY,origin.list,2022-12-06 05:33:49.908164
telemetry.layer.com,AVAILABILITY,origin.list,2022-12-06 05:33:50.106160
tgy.lakfb.com,AVAILABILITY,origin.list,2022-12-06 05:33:50.297999
kcnservncdnkcnikj.cn,AVAILABILITY,origin.list,2022-12-06 05:33:50.581925
kik-vape.org,AVAILABILITY,origin.list,2022-12-06 05:33:50.851051
mage-checkout.org,AVAILABILITY,origin.list,2022-12-06 05:33:50.921620
link-js.link,AVAILABILITY,origin.list,2022-12-06 05:33:50.992148
kcnsrvsitesite.us,AVAILABILITY,origin.list,2022-12-06 05:33:51.590179
mainikjmainnrj.com,AVAILABILITY,origin.list,2022-12-06 05:33:51.941601
lamoodbighats.net,AVAILABILITY,origin.list,2022-12-06 05:33:51.999784
labbe.biz,AVAILABILITY,origin.list,2022-12-06 05:33:57.323979
mainfjrpbn.nl,AVAILABILITY,origin.list,2022-12-06 05:33:58.035296
kcndf.ml,AVAILABILITY,origin.list,2022-12-06 05:34:07.753527
kcnsitefjrsrvikj.in,AVAILABILITY,origin.list,2022-12-06 05:34:12.782632
mainikjnrj.fr,AVAILABILITY,origin.list,2022-12-06 05:34:13.073794
map-js.link,AVAILABILITY,origin.list,2022-12-06 05:34:13.620198
maindswikj.co,AVAILABILITY,origin.list,2022-12-06 05:34:13.756986
mainffd.ch,AVAILABILITY,origin.list,2022-12-06 05:34:13.769650
mainncdnncj.in,AVAILABILITY,origin.list,2022-12-06 05:34:13.903285
kcnyhd.ro,AVAILABILITY,origin.list,2022-12-06 05:34:14.035233
mainjfn.cn,AVAILABILITY,origin.list,2022-12-06 05:34:14.803444
mainpowerncjncjpower.nl,AVAILABILITY,origin.list,2022-12-06 05:34:14.884986
mainfjryhdyhdsrv.ro,AVAILABILITY,origin.list,2022-12-06 05:34:15.605128
newsha.jsonland.ir,AVAILABILITY,origin.list,2022-12-06 05:34:15.658195
mainnrjfjrfjr.fr,AVAILABILITY,origin.list,2022-12-06 05:34:16.448833
mainkcnservjfn.ch,AVAILABILITY,origin.list,2022-12-06 05:34:16.468836
mainjfn.nl,AVAILABILITY,origin.list,2022-12-06 05:34:16.825198
mainsrvmaindswfjr.com,AVAILABILITY,origin.list,2022-12-06 05:34:17.354739
mainncjservsite.info,AVAILABILITY,origin.list,2022-12-06 05:34:17.459218
majsurplus.com,AVAILABILITY,origin.list,2022-12-06 05:34:17.627230
mainyhdncdn.ca,AVAILABILITY,origin.list,2022-12-06 05:34:18.221667
mainpoweryhdpowersrv.nl,AVAILABILITY,origin.list,2022-12-06 05:34:18.462997
jfnservjfnncdnserv.ru,AVAILABILITY,origin.list,2022-12-06 05:34:18.691073
www.mediabarterexchange.com,AVAILABILITY,origin.list,2022-12-06 05:34:18.948572
mainmainjfnmain.tk,AVAILABILITY,origin.list,2022-12-06 05:34:18.971356
mainpbn.nl,AVAILABILITY,origin.list,2022-12-06 05:34:19.406206
feb.kkooppt.com,AVAILABILITY,origin.list,2022-12-06 05:34:19.631681
mainsiteyhdikjncdn.in,AVAILABILITY,origin.list,2022-12-06 05:34:19.644205
marta.martatovaglieri.it,AVAILABILITY,origin.list,2022-12-06 05:34:19.939490
mainkcnsrvmainncj.biz,AVAILABILITY,origin.list,2022-12-06 05:34:20.010862
mainkcnkcnnrjdsw.biz,AVAILABILITY,origin.list,2022-12-06 05:34:20.286440
www.api.brs.intl.miui.com,AVAILABILITY,origin.list,2022-12-06 05:34:20.317954
mainservncjkcn.co,AVAILABILITY,origin.list,2022-12-06 05:34:20.609111
mainsrvikjmain.info,AVAILABILITY,origin.list,2022-12-06 05:34:20.664790
melbounestorm.com,AVAILABILITY,origin.list,2022-12-06 05:34:20.854147
mainncjpbnmain.ro,AVAILABILITY,origin.list,2022-12-06 05:34:20.874377
www.adv.sec.intl.miui.com,AVAILABILITY,origin.list,2022-12-06 05:34:20.876097
www.api.collect.data.intl.miui.com,AVAILABILITY,origin.list,2022-12-06 05:34:21.519422
www.authbe.sec.intl.miui.com,AVAILABILITY,origin.list,2022-12-06 05:34:21.693015
www.api.sec.intl.miui.com,AVAILABILITY,origin.list,2022-12-06 05:34:21.745506
www.data.sec.intl.miui.com,AVAILABILITY,origin.list,2022-12-06 05:34:22.088287
mainyhdfjr.info,AVAILABILITY,origin.list,2022-12-06 05:34:22.737587
mainnchdnmainmainncj.tk,AVAILABILITY,origin.list,2022-12-06 05:34:27.448868
www.ccc.sys.miui.com,AVAILABILITY,origin.list,2022-12-06 05:34:42.402336
www.flash.sec.intl.miui.com,AVAILABILITY,origin.list,2022-12-06 05:34:42.450195
mylrendyphone.com,AVAILABILITY,origin.list,2022-12-06 05:34:42.724906
www.fcanr.tracking.miui.com,AVAILABILITY,origin.list,2022-12-06 05:34:43.289739
www.cc.sys.miui.com,AVAILABILITY,origin.list,2022-12-06 05:34:44.447092
www.api.setting.intl.miui.com,AVAILABILITY,origin.list,2022-12-06 05:34:44.465486
www.geofence.sys.miui.com,AVAILABILITY,origin.list,2022-12-06 05:34:44.469860
mysterysnooper.com,AVAILABILITY,origin.list,2022-12-06 05:34:44.484430
www.mysterysnooper.com,AVAILABILITY,origin.list,2022-12-06 05:34:44.499665
www.tracking.miui.com,AVAILABILITY,origin.list,2022-12-06 05:34:45.438255
myconnect-support.com,AVAILABILITY,origin.list,2022-12-06 05:34:45.522574
nbrwer.eu,AVAILABILITY,origin.list,2022-12-06 05:34:45.695064
www.tracking.intl.miui.com,AVAILABILITY,origin.list,2022-12-06 05:34:45.704133
nbrwer1.eu,AVAILABILITY,origin.list,2022-12-06 05:34:45.930341
dlee889.mywire.org,AVAILABILITY,origin.list,2022-12-06 05:34:46.662807
thz.nadvpnu.com,AVAILABILITY,origin.list,2022-12-06 05:34:46.738544
nbrwer12.eu,AVAILABILITY,origin.list,2022-12-06 05:34:46.971115
nbrwer13.eu,AVAILABILITY,origin.list,2022-12-06 05:34:47.284167
kcnpowerjfn.ml,AVAILABILITY,origin.list,2022-12-06 05:34:47.718975
dick.mooo.com,AVAILABILITY,origin.list,2022-12-06 05:34:47.936508
mainuntdswqemainpog.ml,AVAILABILITY,origin.list,2022-12-06 05:34:48.001585
nbrwer15.eu,AVAILABILITY,origin.list,2022-12-06 05:34:48.090672
nbrwer11.eu,AVAILABILITY,origin.list,2022-12-06 05:34:48.450798
nbrwer16.eu,AVAILABILITY,origin.list,2022-12-06 05:34:48.550768
nbrwer14.eu,AVAILABILITY,origin.list,2022-12-06 05:34:48.733248
nbrwer2.eu,AVAILABILITY,origin.list,2022-12-06 05:34:48.797754
nbrwer10.eu,AVAILABILITY,origin.list,2022-12-06 05:34:49.026305
nbrwer17.eu,AVAILABILITY,origin.list,2022-12-06 05:34:49.236675
nbrwer18.eu,AVAILABILITY,origin.list,2022-12-06 05:34:49.574581
nbrwer24.eu,AVAILABILITY,origin.list,2022-12-06 05:34:49.694174
nbrwer20.eu,AVAILABILITY,origin.list,2022-12-06 05:34:49.876950
nbrwer4.eu,AVAILABILITY,origin.list,2022-12-06 05:34:50.094824
kcnyhdjfnservncdn.ru,AVAILABILITY,origin.list,2022-12-06 05:34:50.164404
nbrwer21.eu,AVAILABILITY,origin.list,2022-12-06 05:34:50.589219
nbrwer22.eu,AVAILABILITY,origin.list,2022-12-06 05:34:50.614392
nbrwer27.eu,AVAILABILITY,origin.list,2022-12-06 05:34:50.927503
nbrwer19.eu,AVAILABILITY,origin.list,2022-12-06 05:34:51.007816
nbrwer23.eu,AVAILABILITY,origin.list,2022-12-06 05:34:51.205449
ncdndswjfnsite.com,AVAILABILITY,origin.list,2022-12-06 05:34:51.220028
nbrwer3.eu,AVAILABILITY,origin.list,2022-12-06 05:34:51.563608
microsofts.gq,AVAILABILITY,origin.list,2022-12-06 05:34:56.964951
nbrwer25.eu,AVAILABILITY,origin.list,2022-12-06 05:35:11.688489
ncdnikjnrjkcn.nl,AVAILABILITY,origin.list,2022-12-06 05:35:11.869176
nbrwer9.eu,AVAILABILITY,origin.list,2022-12-06 05:35:11.869259
ncdndswncjpower.fr,AVAILABILITY,origin.list,2022-12-06 05:35:12.088776
ncdnjfnyhdyhd.biz,AVAILABILITY,origin.list,2022-12-06 05:35:15.302257
nbrwer7.eu,AVAILABILITY,origin.list,2022-12-06 05:35:15.306696
nbrwer26.eu,AVAILABILITY,origin.list,2022-12-06 05:35:15.313664
nbrwer8.eu,AVAILABILITY,origin.list,2022-12-06 05:35:15.322637
ncdnncdn.nl,AVAILABILITY,origin.list,2022-12-06 05:35:16.170491
ncdnfjr.nl,AVAILABILITY,origin.list,2022-12-06 05:35:16.312914
ncdnmainkcnservmain.ca,AVAILABILITY,origin.list,2022-12-06 05:35:16.439531
ncdnmainpower.cn,AVAILABILITY,origin.list,2022-12-06 05:35:16.449731
ncdnmainsrvkcn.nl,AVAILABILITY,origin.list,2022-12-06 05:35:16.496441
ncdnpbndsw.nl,AVAILABILITY,origin.list,2022-12-06 05:35:17.648973
ncdnmainkcn.org,AVAILABILITY,origin.list,2022-12-06 05:35:17.821857
ncdnpowersrvjfndsw.com,AVAILABILITY,origin.list,2022-12-06 05:35:17.859128
ncdnnrjpowerserv.fr,AVAILABILITY,origin.list,2022-12-06 05:35:17.881439
ncdnpowerpower.ca,AVAILABILITY,origin.list,2022-12-06 05:35:18.989640
ncdnsrvmaindsw.fr,AVAILABILITY,origin.list,2022-12-06 05:35:19.208030
ncdnkcnfjr.tk,AVAILABILITY,origin.list,2022-12-06 05:35:19.560402
ncdnncdnserv.cn,AVAILABILITY,origin.list,2022-12-06 05:35:19.606201
ncdnncjnrjmainmain.us,AVAILABILITY,origin.list,2022-12-06 05:35:19.728488
ncdnnrjikjpower.nl,AVAILABILITY,origin.list,2022-12-06 05:35:19.999956
ncdnsrvsrvncj.nl,AVAILABILITY,origin.list,2022-12-06 05:35:20.623144
ncdnyhd.nl,AVAILABILITY,origin.list,2022-12-06 05:35:20.906742
ncdnyhdjfnyhd.biz,AVAILABILITY,origin.list,2022-12-06 05:35:20.966909
ncdnsrv.in,AVAILABILITY,origin.list,2022-12-06 05:35:21.011477
ncjfjrpbnfjrnrj.nl,AVAILABILITY,origin.list,2022-12-06 05:35:21.975749
ncjfjrncdn.nl,AVAILABILITY,origin.list,2022-12-06 05:35:22.047562
ncdnpowerpowersrv.nl,AVAILABILITY,origin.list,2022-12-06 05:35:22.119424
ncdnsrv.ro,AVAILABILITY,origin.list,2022-12-06 05:35:22.149585
ncjfjr.org,AVAILABILITY,origin.list,2022-12-06 05:35:22.189122
ncjjfnmainncj.ca,AVAILABILITY,origin.list,2022-12-06 05:35:23.501430
ncdnsrvncjsrvpbn.biz,AVAILABILITY,origin.list,2022-12-06 05:35:23.584643
ncjncjncdnjfnjfn.com,AVAILABILITY,origin.list,2022-12-06 05:35:24.199480
ncjmain.nl,AVAILABILITY,origin.list,2022-12-06 05:35:24.216034
ncjmainfjr.info,AVAILABILITY,origin.list,2022-12-06 05:35:24.606256
ncdnservpowerncjfjr.tk,AVAILABILITY,origin.list,2022-12-06 05:35:24.813330
ncjkcn.nl,AVAILABILITY,origin.list,2022-12-06 05:35:34.918374
ncdnpbn.us,AVAILABILITY,origin.list,2022-12-06 05:35:40.620186
ncdnyhdsrvsite.biz,AVAILABILITY,origin.list,2022-12-06 05:35:40.911054
nchdndfyhdjfnserv.tk,AVAILABILITY,origin.list,2022-12-06 05:35:45.148706
ncjkcnfjrikjpower.us,AVAILABILITY,origin.list,2022-12-06 05:35:45.346227
ncjmainpbnncj.ro,AVAILABILITY,origin.list,2022-12-06 05:35:45.743807
ncjmain.ch,AVAILABILITY,origin.list,2022-12-06 05:35:45.771705
nchdnsite.ml,AVAILABILITY,origin.list,2022-12-06 05:35:46.199020
ncjncj.nl,AVAILABILITY,origin.list,2022-12-06 05:35:46.367163
ncjkcnnrj.in,AVAILABILITY,origin.list,2022-12-06 05:35:46.409590
ncjmainpbnpbn.in,AVAILABILITY,origin.list,2022-12-06 05:35:46.456842
ncjncdnkcnserv.cn,AVAILABILITY,origin.list,2022-12-06 05:35:46.752977
ncjpbn.in,AVAILABILITY,origin.list,2022-12-06 05:35:47.208434
ncjnrjmain.cn,AVAILABILITY,origin.list,2022-12-06 05:35:47.478894
ncjpbnyhd.com,AVAILABILITY,origin.list,2022-12-06 05:35:47.578067
ncjservjfnkcnpbn.info,AVAILABILITY,origin.list,2022-12-06 05:35:47.620860
ncjpbnmainsrv.ro,AVAILABILITY,origin.list,2022-12-06 05:35:47.666935
ncjncjncjncdnsrv.nl,AVAILABILITY,origin.list,2022-12-06 05:35:47.793174
ncjncjmain.ch,AVAILABILITY,origin.list,2022-12-06 05:35:48.339948
ncjpowerkcn.fr,AVAILABILITY,origin.list,2022-12-06 05:35:48.424384
ncjpower.nl,AVAILABILITY,origin.list,2022-12-06 05:35:48.425788
ncjpowerjfn.in,AVAILABILITY,origin.list,2022-12-06 05:35:48.603866
ncjncdnsrv.cn,AVAILABILITY,origin.list,2022-12-06 05:35:48.681479
ncjpower.ro,AVAILABILITY,origin.list,2022-12-06 05:35:49.042350
ncjservsrvkcn.nl,AVAILABILITY,origin.list,2022-12-06 05:35:49.139045
ncjsrv.info,AVAILABILITY,origin.list,2022-12-06 05:35:49.189453
ncjpower.us,AVAILABILITY,origin.list,2022-12-06 05:35:49.224575
nitroqensports.eu,AVAILABILITY,origin.list,2022-12-06 05:35:49.798341
ncjpecdbnjfn.tk,AVAILABILITY,origin.list,2022-12-06 05:35:49.913559
cloud.newsofnp.com,AVAILABILITY,origin.list,2022-12-06 05:35:49.999513
ncjsrvservdsw.nl,AVAILABILITY,origin.list,2022-12-06 05:35:50.383956
notification-browser.tools,AVAILABILITY,origin.list,2022-12-06 05:35:50.454091
ncjnrjsrvsitepower.tk,AVAILABILITY,origin.list,2022-12-06 05:35:50.489435
ncjsitefjrdsw.info,AVAILABILITY,origin.list,2022-12-06 05:35:50.848908
ncjpowernrj.ro,AVAILABILITY,origin.list,2022-12-06 05:35:51.239592
www.notification-browser.tools,AVAILABILITY,origin.list,2022-12-06 05:35:51.261992
ncjsrvncjpower.fr,AVAILABILITY,origin.list,2022-12-06 05:35:51.334973
ncjsrvpowerfjryhd.in,AVAILABILITY,origin.list,2022-12-06 05:35:51.550663
newsgbr.nl,AVAILABILITY,origin.list,2022-12-06 05:35:51.844125
ncjsrv.ro,AVAILABILITY,origin.list,2022-12-06 05:35:52.035522
symante.nortonvirus.org,AVAILABILITY,origin.list,2022-12-06 05:35:52.116810
ncjservyhdsrv.info,AVAILABILITY,origin.list,2022-12-06 05:35:57.865825
nililotan.org,AVAILABILITY,origin.list,2022-12-06 05:36:12.176676
nrjdswservmain.info,AVAILABILITY,origin.list,2022-12-06 05:36:12.479247
ncdnkcnikjyhd.ru,AVAILABILITY,origin.list,2022-12-06 05:36:12.663135
nrjfjr.nl,AVAILABILITY,origin.list,2022-12-06 05:36:12.841921
norton.nortonvirus.org,AVAILABILITY,origin.list,2022-12-06 05:36:13.530629
nrjdswjfn.in,AVAILABILITY,origin.list,2022-12-06 05:36:16.169655
yum.nortonvirus.org,AVAILABILITY,origin.list,2022-12-06 05:36:16.294553
ncjsite.tk,AVAILABILITY,origin.list,2022-12-06 05:36:16.834661
nrjdswikjjfnfjr.biz,AVAILABILITY,origin.list,2022-12-06 05:36:17.203948
nrjncdn.com,AVAILABILITY,origin.list,2022-12-06 05:36:17.399088
nkgpogpog.tk,AVAILABILITY,origin.list,2022-12-06 05:36:17.970326
nrjkcn.in,AVAILABILITY,origin.list,2022-12-06 05:36:18.064972
nrjdswyhdkcnpbn.org,AVAILABILITY,origin.list,2022-12-06 05:36:18.177943
nrjdswsitesrv.nl,AVAILABILITY,origin.list,2022-12-06 05:36:18.188941
ihracat.myq-see.com,AVAILABILITY,origin.list,2022-12-06 05:36:18.801212
nkgunity.tk,AVAILABILITY,origin.list,2022-12-06 05:36:19.008137
nrjkcnpowernrj.info,AVAILABILITY,origin.list,2022-12-06 05:36:19.034684
nrjjfnpower.cn,AVAILABILITY,origin.list,2022-12-06 05:36:19.406254
nrjjfnikjserv.org,AVAILABILITY,origin.list,2022-12-06 05:36:19.700777
nrjnrj.fr,AVAILABILITY,origin.list,2022-12-06 05:36:19.741663
nrjmainncjjfn.nl,AVAILABILITY,origin.list,2022-12-06 05:36:19.758992
nrjfjrdsw.nl,AVAILABILITY,origin.list,2022-12-06 05:36:20.029938
nrjnrjfjr.info,AVAILABILITY,origin.list,2022-12-06 05:36:20.262361
nrjncdnmainncdnncdn.in,AVAILABILITY,origin.list,2022-12-06 05:36:20.451815
nrjncj.info,AVAILABILITY,origin.list,2022-12-06 05:36:20.623278
nkgnkgsite.tk,AVAILABILITY,origin.list,2022-12-06 05:36:20.851456
nrjpowerkcn.co,AVAILABILITY,origin.list,2022-12-06 05:36:21.164759
ncdnpbn.ru,AVAILABILITY,origin.list,2022-12-06 05:36:21.242158
nrjncdnfjrkcn.in,AVAILABILITY,origin.list,2022-12-06 05:36:21.317835
nrjncdnfjrncdnserv.nl,AVAILABILITY,origin.list,2022-12-06 05:36:21.805917
nrjpowerncjfjrsrv.fr,AVAILABILITY,origin.list,2022-12-06 05:36:21.880781
nrjservpower.fr,AVAILABILITY,origin.list,2022-12-06 05:36:21.928892
nrjncdnfjrfjryhd.nl,AVAILABILITY,origin.list,2022-12-06 05:36:21.987301
nrjpowerpower.fr,AVAILABILITY,origin.list,2022-12-06 05:36:22.358343
nrjpowersrv.nl,AVAILABILITY,origin.list,2022-12-06 05:36:22.432918
nrjsiteikjsrvkcn.info,AVAILABILITY,origin.list,2022-12-06 05:36:22.588227
nttdocomo-xm.com,AVAILABILITY,origin.list,2022-12-06 05:36:22.926600
nrjsiteikj.info,AVAILABILITY,origin.list,2022-12-06 05:36:23.189193
nrjsitemainyhdmain.nl,AVAILABILITY,origin.list,2022-12-06 05:36:23.522791
api.oneaudience.com,AVAILABILITY,origin.list,2022-12-06 05:36:23.894403
nrjpbnikjdsw.cn,AVAILABILITY,origin.list,2022-12-06 05:36:23.924484
nrjsrvkcnpowerpbn.info,AVAILABILITY,origin.list,2022-12-06 05:36:24.474779
nrjjfnncdndswfjr.tk,AVAILABILITY,origin.list,2022-12-06 05:36:24.852191
nrjsitekcnserv.info,AVAILABILITY,origin.list,2022-12-06 05:36:25.520573
lli.nrvyzj.com,AVAILABILITY,origin.list,2022-12-06 05:36:25.673003
nrjsrvfjrjfnnrj.nl,AVAILABILITY,origin.list,2022-12-06 05:36:25.922701
nrjyhdjfnncj.fr,AVAILABILITY,origin.list,2022-12-06 05:36:26.053581
nrjsrvkcnncdnikj.nl,AVAILABILITY,origin.list,2022-12-06 05:36:26.224994
nrjsitepoweryhd.in,AVAILABILITY,origin.list,2022-12-06 05:36:26.239704
www.pakistanelevators.pk,AVAILABILITY,origin.list,2022-12-06 05:36:26.651080
nrjservkcndsw.ro,AVAILABILITY,origin.list,2022-12-06 05:36:26.941302
nrjpower.us,AVAILABILITY,origin.list,2022-12-06 05:36:26.979931
pakistanelevators.pk,AVAILABILITY,origin.list,2022-12-06 05:36:27.227086
nrjyhdpowernrjikj.in,AVAILABILITY,origin.list,2022-12-06 05:36:27.630463
pbnikjncjmain.info,AVAILABILITY,origin.list,2022-12-06 05:36:27.694952
pbnikjpower.info,AVAILABILITY,origin.list,2022-12-06 05:36:27.797040
nrjyhd.in,AVAILABILITY,origin.list,2022-12-06 05:36:28.284723
pbnmain.nl,AVAILABILITY,origin.list,2022-12-06 05:36:28.392573
pbndswpbn.cn,AVAILABILITY,origin.list,2022-12-06 05:36:28.735908
www.bi-collector.oneapm.com,AVAILABILITY,origin.list,2022-12-06 05:36:28.905498
pbnncjncjyhd.fr,AVAILABILITY,origin.list,2022-12-06 05:36:28.978245
pbnncjjfnsrv.com,AVAILABILITY,origin.list,2022-12-06 05:36:29.269188
bi-collector.oneapm.com,AVAILABILITY,origin.list,2022-12-06 05:36:29.449629
nrjsrvkcn.tk,AVAILABILITY,origin.list,2022-12-06 05:36:29.577900
pbnjfnnrjjfnncdn.nl,AVAILABILITY,origin.list,2022-12-06 05:36:29.781094
pbnnrjdswdsw.fr,AVAILABILITY,origin.list,2022-12-06 05:36:30.068025
nrjyhdncdnncjsrv.biz,AVAILABILITY,origin.list,2022-12-06 05:36:30.184201
pbnpbnnrj.com,AVAILABILITY,origin.list,2022-12-06 05:36:30.498424
pbnjfnsitekcnfjr.in,AVAILABILITY,origin.list,2022-12-06 05:36:30.704091
pbnncjpowerikj.fr,AVAILABILITY,origin.list,2022-12-06 05:36:31.078835
pbnmainyhd.fr,AVAILABILITY,origin.list,2022-12-06 05:36:31.272005
pbnmain.in,AVAILABILITY,origin.list,2022-12-06 05:36:31.305329
pbnnrjjfnsrv.com,AVAILABILITY,origin.list,2022-12-06 05:36:31.640928
pbnsite.ch,AVAILABILITY,origin.list,2022-12-06 05:36:31.919645
ncjpower.ru,AVAILABILITY,origin.list,2022-12-06 05:36:32.043035
parks.su,AVAILABILITY,origin.list,2022-12-06 05:36:32.254342
pbnyhdpowerncjjfn.com,AVAILABILITY,origin.list,2022-12-06 05:36:32.489828
pbnpowermain.nl,AVAILABILITY,origin.list,2022-12-06 05:36:33.445482
pbnservyhdjfn.ch,AVAILABILITY,origin.list,2022-12-06 05:36:33.555668
pbnpowerdsw.us,AVAILABILITY,origin.list,2022-12-06 05:36:33.998811
pbnserv.nl,AVAILABILITY,origin.list,2022-12-06 05:36:34.216899
ottocap.org,AVAILABILITY,origin.list,2022-12-06 05:36:34.962676
news.poorgoddaay.com,AVAILABILITY,origin.list,2022-12-06 05:36:35.000779
pbnjfnikjsitencj.info,AVAILABILITY,origin.list,2022-12-06 05:36:35.185224
pbnservmainpower.info,AVAILABILITY,origin.list,2022-12-06 05:36:36.194828
pbnyhdpbnsitekcn.nl,AVAILABILITY,origin.list,2022-12-06 05:36:36.206937
wwww.playamo28.com,AVAILABILITY,origin.list,2022-12-06 05:36:36.524736
pbnncdnjfnsrv.info,AVAILABILITY,origin.list,2022-12-06 05:36:36.757218
movie.poorgoddaay.com,AVAILABILITY,origin.list,2022-12-06 05:36:37.095498
pbnsite.us,AVAILABILITY,origin.list,2022-12-06 05:36:37.181126
ns1.poorgoddaay.com,AVAILABILITY,origin.list,2022-12-06 05:36:37.468704
pfpvstgcjnxrji.eu,AVAILABILITY,origin.list,2022-12-06 05:36:37.624629
app.poorgoddaay.com,AVAILABILITY,origin.list,2022-12-06 05:36:37.898866
powerjfnikj.nl,AVAILABILITY,origin.list,2022-12-06 05:36:38.218151
zg.poorgoddaay.com,AVAILABILITY,origin.list,2022-12-06 05:36:38.475112
pbnpbn.us,AVAILABILITY,origin.list,2022-12-06 05:36:38.666265
pbnsite.in,AVAILABILITY,origin.list,2022-12-06 05:36:39.054518
powerdswyhd.in,AVAILABILITY,origin.list,2022-12-06 05:36:39.160562
powerjfnkcn.nl,AVAILABILITY,origin.list,2022-12-06 05:36:39.426428
powerikjsitenrjncj.fr,AVAILABILITY,origin.list,2022-12-06 05:36:39.709777
powerdswpbnnrj.biz,AVAILABILITY,origin.list,2022-12-06 05:36:40.063159
powerkcnfjrmainserv.com,AVAILABILITY,origin.list,2022-12-06 05:36:40.137812
powerikjpbnnrjncdn.nl,AVAILABILITY,origin.list,2022-12-06 05:36:40.856959
powerikjfjr.info,AVAILABILITY,origin.list,2022-12-06 05:36:41.512259
pbnpowerncj.tk,AVAILABILITY,origin.list,2022-12-06 05:36:42.004451
powerjfnnrjpower.in,AVAILABILITY,origin.list,2022-12-06 05:36:42.249738
powermainkcn.info,AVAILABILITY,origin.list,2022-12-06 05:36:42.558700
pbnsrvncdn.us,AVAILABILITY,origin.list,2022-12-06 05:36:42.927050
powernrjnrj.fr,AVAILABILITY,origin.list,2022-12-06 05:36:43.048694
powerkcnfjrservpbn.in,AVAILABILITY,origin.list,2022-12-06 05:36:43.127490
powerkcnpower.in,AVAILABILITY,origin.list,2022-12-06 05:36:43.464637
powerpowerpowersrvmain.ch,AVAILABILITY,origin.list,2022-12-06 05:36:43.698581
powerncjpbn.in,AVAILABILITY,origin.list,2022-12-06 05:36:44.070806
powernrjpowermainkcn.com,AVAILABILITY,origin.list,2022-12-06 05:36:44.447053
powerncdnservsrvdsw.info,AVAILABILITY,origin.list,2022-12-06 05:36:44.469498
powerpbnservyhdikj.fr,AVAILABILITY,origin.list,2022-12-06 05:36:44.817539
powerpbnkcn.us,AVAILABILITY,origin.list,2022-12-06 05:36:45.439744
powermainsitefjrnrj.in,AVAILABILITY,origin.list,2022-12-06 05:36:45.747118
powerpower.fr,AVAILABILITY,origin.list,2022-12-06 05:36:45.816199
powerpbnnrjjfn.in,AVAILABILITY,origin.list,2022-12-06 05:36:46.653740
powernrjsrvkcn.nl,AVAILABILITY,origin.list,2022-12-06 05:36:46.723485
www.powertradeprofit.com,AVAILABILITY,origin.list,2022-12-06 05:36:46.738919
pogunitypogffdnkg.org,AVAILABILITY,origin.list,2022-12-06 05:36:47.510310
pmtonline.su,AVAILABILITY,origin.list,2022-12-06 05:36:47.665483
poweryhd.co,AVAILABILITY,origin.list,2022-12-06 05:36:47.701078
powerkcnserv.tk,AVAILABILITY,origin.list,2022-12-06 05:36:47.878885
powerpbn.nl,AVAILABILITY,origin.list,2022-12-06 05:36:48.012874
poweryhdpowerfjrpower.nl,AVAILABILITY,origin.list,2022-12-06 05:36:48.863905
www.analytics.publitas.com,AVAILABILITY,origin.list,2022-12-06 05:36:49.140884
powerncdn.tk,AVAILABILITY,origin.list,2022-12-06 05:36:49.614676
rabianbrother.com,AVAILABILITY,origin.list,2022-12-06 05:36:49.868470
powerservdswservpower.in,AVAILABILITY,origin.list,2022-12-06 05:36:50.154239
powerpowerjfn.nl,AVAILABILITY,origin.list,2022-12-06 05:36:50.563643
powerpoweryhdsrvncdn.us,AVAILABILITY,origin.list,2022-12-06 05:36:50.753985
cnnmedia.servepics.com,AVAILABILITY,origin.list,2022-12-06 05:36:51.029563
status.search-sslkey-flush.com,AVAILABILITY,origin.list,2022-12-06 05:36:51.035908
powerpowersite.nl,AVAILABILITY,origin.list,2022-12-06 05:36:51.147595
security-payment.su,AVAILABILITY,origin.list,2022-12-06 05:36:52.171861
powersitepbnserv.biz,AVAILABILITY,origin.list,2022-12-06 05:36:52.302771
pbnmain.ru,AVAILABILITY,origin.list,2022-12-06 05:36:52.597660
powerservmain.org,AVAILABILITY,origin.list,2022-12-06 05:36:53.137498
powernrjpowerjfn.org,AVAILABILITY,origin.list,2022-12-06 05:36:53.615142
servnrjncdnikjsrv.in,AVAILABILITY,origin.list,2022-12-06 05:36:53.693151
servjfnfjrkcn.ch,AVAILABILITY,origin.list,2022-12-06 05:36:54.454681
servjfnikjjfn.ch,AVAILABILITY,origin.list,2022-12-06 05:36:54.615959
replacemyremote.org,AVAILABILITY,origin.list,2022-12-06 05:36:55.354088
servikj.in,AVAILABILITY,origin.list,2022-12-06 05:36:55.395751
servncdnsite.fr,AVAILABILITY,origin.list,2022-12-06 05:36:55.460078
servkcnsrv.info,AVAILABILITY,origin.list,2022-12-06 05:36:55.462985
servfjrmainmainsrv.nl,AVAILABILITY,origin.list,2022-12-06 05:36:56.047623
servkcn.ca,AVAILABILITY,origin.list,2022-12-06 05:36:57.260380
servmain.info,AVAILABILITY,origin.list,2022-12-06 05:36:57.266334
servkcnkcn.info,AVAILABILITY,origin.list,2022-12-06 05:36:57.531990
pecdbnfjriwjdfyhd.ml,AVAILABILITY,origin.list,2022-12-06 05:36:57.683728
servpbnkcnserv.nl,AVAILABILITY,origin.list,2022-12-06 05:36:58.204827
servsitenrjpbnnrj.fr,AVAILABILITY,origin.list,2022-12-06 05:36:58.963444
servpower.in,AVAILABILITY,origin.list,2022-12-06 05:36:59.033028
servpbnkcnjfnmain.in,AVAILABILITY,origin.list,2022-12-06 05:36:59.084696
servpowerdswncjncj.info,AVAILABILITY,origin.list,2022-12-06 05:36:59.155861
servservkcn.in,AVAILABILITY,origin.list,2022-12-06 05:36:59.738409
servsrv.fr,AVAILABILITY,origin.list,2022-12-06 05:37:00.118691
servncjmain.org,AVAILABILITY,origin.list,2022-12-06 05:37:00.246432
servfjrncdn.org,AVAILABILITY,origin.list,2022-12-06 05:37:00.471719
servserv.nl,AVAILABILITY,origin.list,2022-12-06 05:37:00.985980
shsvveir.eu,AVAILABILITY,origin.list,2022-12-06 05:37:01.340039
servpbnncdnkcndsw.biz,AVAILABILITY,origin.list,2022-12-06 05:37:01.410506
sitedswncjdswyhd.ro,AVAILABILITY,origin.list,2022-12-06 05:37:01.987187
servsitencjpower.us,AVAILABILITY,origin.list,2022-12-06 05:37:02.148242
sitedswikj.com,AVAILABILITY,origin.list,2022-12-06 05:37:02.834742
servikj.tk,AVAILABILITY,origin.list,2022-12-06 05:37:03.322971
servsitepower.ro,AVAILABILITY,origin.list,2022-12-06 05:37:03.433683
servsitemainsrv.biz,AVAILABILITY,origin.list,2022-12-06 05:37:04.008231
servsrvsrvpbnserv.in,AVAILABILITY,origin.list,2022-12-06 05:37:04.155112
sitefjr.ch,AVAILABILITY,origin.list,2022-12-06 05:37:04.689996
sfkkxudmge.eu,AVAILABILITY,origin.list,2022-12-06 05:37:05.293643
sitedswncdnikj.biz,AVAILABILITY,origin.list,2022-12-06 05:37:05.958527
servunity.tk,AVAILABILITY,origin.list,2022-12-06 05:37:06.161812
shangri-la.gq,AVAILABILITY,origin.list,2022-12-06 05:37:06.713121
sitefjrpoweryhd.co,AVAILABILITY,origin.list,2022-12-06 05:37:06.752955
servsrvfjrncjpower.info,AVAILABILITY,origin.list,2022-12-06 05:37:06.989122
sitefjrncjmainpower.co,AVAILABILITY,origin.list,2022-12-06 05:37:07.492902
sitejfn.ch,AVAILABILITY,origin.list,2022-12-06 05:37:07.979734
sitejfn.com,AVAILABILITY,origin.list,2022-12-06 05:37:08.192320
pbnyhdncdnmainsrv.ru,AVAILABILITY,origin.list,2022-12-06 05:37:08.419122
sitejfn.in,AVAILABILITY,origin.list,2022-12-06 05:37:08.842318
siteikjncjyhd.info,AVAILABILITY,origin.list,2022-12-06 05:37:09.073131
sitejfn.nl,AVAILABILITY,origin.list,2022-12-06 05:37:09.364192
sitencdnncjncjkcn.com,AVAILABILITY,origin.list,2022-12-06 05:37:09.740474
sitekcnncdnservsrv.nl,AVAILABILITY,origin.list,2022-12-06 05:37:10.105600
sitemainncdnncjncj.com,AVAILABILITY,origin.list,2022-12-06 05:37:10.401983
siteiwj.cn,AVAILABILITY,origin.list,2022-12-06 05:37:10.498887
sitejfn.info,AVAILABILITY,origin.list,2022-12-06 05:37:11.104686
sitejfndsw.com,AVAILABILITY,origin.list,2022-12-06 05:37:11.176336
sitemaintlfdgbrmrn.nl,AVAILABILITY,origin.list,2022-12-06 05:37:11.301808
sitencjpower.nl,AVAILABILITY,origin.list,2022-12-06 05:37:11.387299
sitefjr.tk,AVAILABILITY,origin.list,2022-12-06 05:37:11.531607
sitencj.in,AVAILABILITY,origin.list,2022-12-06 05:37:12.049425
sitencjyhd.com,AVAILABILITY,origin.list,2022-12-06 05:37:12.317124
sitepbnkcnsrvjfn.fr,AVAILABILITY,origin.list,2022-12-06 05:37:12.579487
sitemainpbn.us,AVAILABILITY,origin.list,2022-12-06 05:37:12.986236
sitencdnnrj.us,AVAILABILITY,origin.list,2022-12-06 05:37:13.141539
sitekcndswncdnnrj.info,AVAILABILITY,origin.list,2022-12-06 05:37:13.167985
sitencjsrvsrvnrj.com,AVAILABILITY,origin.list,2022-12-06 05:37:13.345123
sitencdnserv.nl,AVAILABILITY,origin.list,2022-12-06 05:37:13.539852
sitencjpoweryhdkcn.ch,AVAILABILITY,origin.list,2022-12-06 05:37:13.869201
siteservikj.com,AVAILABILITY,origin.list,2022-12-06 05:37:14.325386
sitencjyhdsrv.nl,AVAILABILITY,origin.list,2022-12-06 05:37:14.371503
sitenrjkcn.ch,AVAILABILITY,origin.list,2022-12-06 05:37:14.671539
sitenrjmain.nl,AVAILABILITY,origin.list,2022-12-06 05:37:14.676042
sitenrjdsw.ch,AVAILABILITY,origin.list,2022-12-06 05:37:15.077692
sitencj.cn,AVAILABILITY,origin.list,2022-12-06 05:37:15.704499
sitesiteservdswsrv.nl,AVAILABILITY,origin.list,2022-12-06 05:37:15.921912
rxc.rxcoordinator.com,AVAILABILITY,origin.list,2022-12-06 05:37:16.238240
sitepbnsrvserv.cn,AVAILABILITY,origin.list,2022-12-06 05:37:16.409310
sitepowersrv.fr,AVAILABILITY,origin.list,2022-12-06 05:37:16.705481
ap-sonar.sociomantic.com,AVAILABILITY,origin.list,2022-12-06 05:37:17.548046
slickmin.com,AVAILABILITY,origin.list,2022-12-06 05:37:17.705940
sitepbnservkcn.info,AVAILABILITY,origin.list,2022-12-06 05:37:18.078859
servpbnservdswserv.ru,AVAILABILITY,origin.list,2022-12-06 05:37:18.471636
sitemain.tk,AVAILABILITY,origin.list,2022-12-06 05:37:19.306215
siteservdswkcnfjr.cn,AVAILABILITY,origin.list,2022-12-06 05:37:19.664516
sitenrj.tk,AVAILABILITY,origin.list,2022-12-06 05:37:19.816453
sitesitesite.us,AVAILABILITY,origin.list,2022-12-06 05:37:19.957498
smart-js.link,AVAILABILITY,origin.list,2022-12-06 05:37:20.176981
www.api.ad.snappea.com,AVAILABILITY,origin.list,2022-12-06 05:37:21.392418
srvfjrncjyhdfjr.nl,AVAILABILITY,origin.list,2022-12-06 05:37:21.457506
servyhdncjpecdbn.ml,AVAILABILITY,origin.list,2022-12-06 05:37:21.719663
servdswncjkcn.ru,AVAILABILITY,origin.list,2022-12-06 05:37:22.004947
srvkcn.info,AVAILABILITY,origin.list,2022-12-06 05:37:22.505362
sitesitesiteikjjfn.co,AVAILABILITY,origin.list,2022-12-06 05:37:22.986551
siteservkcn.in,AVAILABILITY,origin.list,2022-12-06 05:37:23.164240
srvikjikj.info,AVAILABILITY,origin.list,2022-12-06 05:37:24.107027
srvkcnnrjyhd.fr,AVAILABILITY,origin.list,2022-12-06 05:37:24.115824
srvjfnjfnikj.info,AVAILABILITY,origin.list,2022-12-06 05:37:24.137276
sitesrvncdnmain.biz,AVAILABILITY,origin.list,2022-12-06 05:37:25.075436
srvdswpowernrjikj.ch,AVAILABILITY,origin.list,2022-12-06 05:37:25.339954
srvfjrkcnikj.co,AVAILABILITY,origin.list,2022-12-06 05:37:25.903327
srvncjmain.ca,AVAILABILITY,origin.list,2022-12-06 05:37:25.972535
servfjrpbndsw.ru,AVAILABILITY,origin.list,2022-12-06 05:37:26.502193
srvkcnncdnikj.nl,AVAILABILITY,origin.list,2022-12-06 05:37:26.885859
srvmainpbn.info,AVAILABILITY,origin.list,2022-12-06 05:37:28.074154
siteffd.ml,AVAILABILITY,origin.list,2022-12-06 05:37:28.198992
sitesitepowerpbn.org,AVAILABILITY,origin.list,2022-12-06 05:37:28.540028
servservyhdsitesrv.ru,AVAILABILITY,origin.list,2022-12-06 05:37:28.981400
srvnrjservpbnkcn.nl,AVAILABILITY,origin.list,2022-12-06 05:37:29.022558
srvpbn.info,AVAILABILITY,origin.list,2022-12-06 05:37:29.269333
srvncdnkcnkcn.in,AVAILABILITY,origin.list,2022-12-06 05:37:29.300665
slickjs.org,AVAILABILITY,origin.list,2022-12-06 05:37:29.753531
srvncj.co,AVAILABILITY,origin.list,2022-12-06 05:37:30.364609
srvnrjsite.co,AVAILABILITY,origin.list,2022-12-06 05:37:30.368179
srvncdnsrvserv.us,AVAILABILITY,origin.list,2022-12-06 05:37:30.840002
srvkcnsite.ro,AVAILABILITY,origin.list,2022-12-06 05:37:30.977019
ssl-connection.net,AVAILABILITY,origin.list,2022-12-06 05:37:31.494480
srvmaindswnrjpbn.nl,AVAILABILITY,origin.list,2022-12-06 05:37:32.682442
srvnrjikjpbn.cn,AVAILABILITY,origin.list,2022-12-06 05:37:33.251673
srvpbnkcnsrv.info,AVAILABILITY,origin.list,2022-12-06 05:37:34.227324
srvsiteservncj.ro,AVAILABILITY,origin.list,2022-12-06 05:37:34.410617
srvpowerpbn.us,AVAILABILITY,origin.list,2022-12-06 05:37:35.316803
siteikj.ru,AVAILABILITY,origin.list,2022-12-06 05:37:35.562576
srvyhdsrv.ch,AVAILABILITY,origin.list,2022-12-06 05:37:35.580503
srvncjservnrj.us,AVAILABILITY,origin.list,2022-12-06 05:37:35.689503
servservjfndswikj.ru,AVAILABILITY,origin.list,2022-12-06 05:37:36.910986
srvsrvsitencj.in,AVAILABILITY,origin.list,2022-12-06 05:37:37.003581
srvservpbnikjdsw.cn,AVAILABILITY,origin.list,2022-12-06 05:37:37.264199
sitedswikj.ru,AVAILABILITY,origin.list,2022-12-06 05:37:37.468748
support-emails.host,AVAILABILITY,origin.list,2022-12-06 05:37:38.196877
www.imprhkmp.taboola.com,AVAILABILITY,origin.list,2022-12-06 05:37:38.496291
ora.studiolegalebasili.com,AVAILABILITY,origin.list,2022-12-06 05:37:38.769963
srvncdnpbn.org,AVAILABILITY,origin.list,2022-12-06 05:37:38.918158
www.convhkmp.taboola.com,AVAILABILITY,origin.list,2022-12-06 05:37:39.330023
srvyhdsitekcn.cn,AVAILABILITY,origin.list,2022-12-06 05:37:39.961221
www.match.taboola.com,AVAILABILITY,origin.list,2022-12-06 05:37:40.023131
srvservsrvnrjpower.cn,AVAILABILITY,origin.list,2022-12-06 05:37:40.074661
www.15.taboola.com,AVAILABILITY,origin.list,2022-12-06 05:37:40.302688
srvncjsrvpbnpbn.org,AVAILABILITY,origin.list,2022-12-06 05:37:40.448142
syqydecuupkgikseyxi.eu,AVAILABILITY,origin.list,2022-12-06 05:37:41.074512
www.imprlatbmp.taboola.com,AVAILABILITY,origin.list,2022-12-06 05:37:41.266091
www.convlatbmp.taboola.com,AVAILABILITY,origin.list,2022-12-06 05:37:41.354264
srvyhdyhdpbnjfn.co,AVAILABILITY,origin.list,2022-12-06 05:37:41.639176
www.wf.taboola.com,AVAILABILITY,origin.list,2022-12-06 05:37:42.142214
torgatedga35slsu.onion,AVAILABILITY,origin.list,2022-12-06 05:37:42.460527
kez.tirueg.com,AVAILABILITY,origin.list,2022-12-06 05:37:42.524565
www.vidutils.taboola.com,AVAILABILITY,origin.list,2022-12-06 05:37:43.104763
www.opps.taboola.com,AVAILABILITY,origin.list,2022-12-06 05:37:43.419127
srvservfjr.tk,AVAILABILITY,origin.list,2022-12-06 05:37:43.739279
8uc2.ubtv.xyz,AVAILABILITY,origin.list,2022-12-06 05:37:43.942692
srvsitesrvnrj.ro,AVAILABILITY,origin.list,2022-12-06 05:37:44.274078
tgujfowebwfglrilnu.eu,AVAILABILITY,origin.list,2022-12-06 05:37:44.426325
top5value.com,AVAILABILITY,origin.list,2022-12-06 05:37:44.666190
ubt.ubtv.xyz,AVAILABILITY,origin.list,2022-12-06 05:37:44.974533
tlfduntnkgtlfd.in,AVAILABILITY,origin.list,2022-12-06 05:37:45.388325
cu.versiondat.xyz,AVAILABILITY,origin.list,2022-12-06 05:37:45.547945
www.vdtrack.com,AVAILABILITY,origin.list,2022-12-06 05:37:45.625446
teddyshatsworld.pl,AVAILABILITY,origin.list,2022-12-06 05:37:46.143256
updata.sh,AVAILABILITY,origin.list,2022-12-06 05:37:46.147286
1.versionday.xyz,AVAILABILITY,origin.list,2022-12-06 05:37:46.519813
vkontak1e.com,AVAILABILITY,origin.list,2022-12-06 05:37:46.735218
uvegqgicmwcoywd.eu,AVAILABILITY,origin.list,2022-12-06 05:37:46.932686
watches-my.stream,AVAILABILITY,origin.list,2022-12-06 05:37:47.406653
castoola.tv.lan,AVAILABILITY,origin.list,2022-12-06 05:37:47.711439
veidlqdwstqpgrmbs.eu,AVAILABILITY,origin.list,2022-12-06 05:37:47.902992
tlfdmrnpog.tk,AVAILABILITY,origin.list,2022-12-06 05:37:48.222746
srvyhd.tk,AVAILABILITY,origin.list,2022-12-06 05:37:48.265295
datacollect.vmall.com,AVAILABILITY,origin.list,2022-12-06 05:37:48.677809
www.datacollect.vmall.com,AVAILABILITY,origin.list,2022-12-06 05:37:48.864845
cmakrkp033.z19.web.core.windows.net,AVAILABILITY,origin.list,2022-12-06 05:37:48.990477
bbreakt88.z19.web.core.windows.net,AVAILABILITY,origin.list,2022-12-06 05:37:49.173315
tretas.top,AVAILABILITY,origin.list,2022-12-06 05:37:49.629852
cmakrkp044.z19.web.core.windows.net,AVAILABILITY,origin.list,2022-12-06 05:37:49.768405
vmfmkxlxyr.eu,AVAILABILITY,origin.list,2022-12-06 05:37:50.015370
vnsylgycmultlwcjnie.eu,AVAILABILITY,origin.list,2022-12-06 05:37:50.199135
cmakrkp66.z19.web.core.windows.net,AVAILABILITY,origin.list,2022-12-06 05:37:50.659865
benching22.z19.web.core.windows.net,AVAILABILITY,origin.list,2022-12-06 05:37:50.781349
tlfdgbrnkgmrnmrn.tk,AVAILABILITY,origin.list,2022-12-06 05:37:51.052691
cmakrkp88.z19.web.core.windows.net,AVAILABILITY,origin.list,2022-12-06 05:37:51.675903
touchg33.z19.web.core.windows.net,AVAILABILITY,origin.list,2022-12-06 05:37:51.826687
tlfdsitegb.us,AVAILABILITY,origin.list,2022-12-06 05:37:51.964906
thingsdoing.z19.web.core.windows.net,AVAILABILITY,origin.list,2022-12-06 05:37:52.023605
new.api.ad.xiaomi.com,AVAILABILITY,origin.list,2022-12-06 05:37:52.988427
xeixtnolvuuwmwy.eu,AVAILABILITY,origin.list,2022-12-06 05:37:53.032179
test.new.api.ad.xiaomi.com,AVAILABILITY,origin.list,2022-12-06 05:37:53.266952
www.test.new.api.ad.xiaomi.com,AVAILABILITY,origin.list,2022-12-06 05:37:53.508623
www.e.ad.xiaomi.com,AVAILABILITY,origin.list,2022-12-06 05:37:54.189365
www.globalapi.ad.xiaomi.com,AVAILABILITY,origin.list,2022-12-06 05:37:54.533587
www.api.ad.xiaomi.com,AVAILABILITY,origin.list,2022-12-06 05:37:54.586075
www.new.api.ad.xiaomi.com,AVAILABILITY,origin.list,2022-12-06 05:37:54.774705
sitesrvservfjrsrv.ru,AVAILABILITY,origin.list,2022-12-06 05:37:55.136944
www.api.admob.xiaomi.com,AVAILABILITY,origin.list,2022-12-06 05:37:55.932645
api.admob.xiaomi.com,AVAILABILITY,origin.list,2022-12-06 05:37:56.119850
www.test.e.ad.xiaomi.com,AVAILABILITY,origin.list,2022-12-06 05:37:56.350192
www.cdn.ad.xiaomi.com,AVAILABILITY,origin.list,2022-12-06 05:37:56.589965
ssp.ad.xiaomi.com,AVAILABILITY,origin.list,2022-12-06 05:37:56.845749
www.sdkconfig.ad.xiaomi.com,AVAILABILITY,origin.list,2022-12-06 05:37:57.142973
www.ssp.ad.xiaomi.com,AVAILABILITY,origin.list,2022-12-06 05:37:57.550343
www.sdkconfig.ad.intl.xiaomi.com,AVAILABILITY,origin.list,2022-12-06 05:37:58.131999
www.sgp.o2o.api.xiaomi.com,AVAILABILITY,origin.list,2022-12-06 05:37:58.411276
zeus.ad.intl.xiaomi.com,AVAILABILITY,origin.list,2022-12-06 05:37:58.511804
www.zeus.ad.xiaomi.com,AVAILABILITY,origin.list,2022-12-06 05:37:59.018158
www.api.ad.intl.xiaomi.com,AVAILABILITY,origin.list,2022-12-06 05:37:59.087162
www.test.ad.xiaomi.com,AVAILABILITY,origin.list,2022-12-06 05:37:59.608477
www.api.d.xiaomi.com,AVAILABILITY,origin.list,2022-12-06 05:37:59.966107
www.api.hybrid.intl.xiaomi.com,AVAILABILITY,origin.list,2022-12-06 05:38:00.141004
xn--covid19-gncelsalgnvakalar-nwc35l.com,AVAILABILITY,origin.list,2022-12-06 05:38:00.564039
www.zeus.ad.intl.xiaomi.com,AVAILABILITY,origin.list,2022-12-06 05:38:00.633971
www.data.mistat.intl.xiaomi.com,AVAILABILITY,origin.list,2022-12-06 05:38:01.106470
xn--srahah-bua.eu,AVAILABILITY,origin.list,2022-12-06 05:38:01.374313
www.ccc.sys.intl.xiaomi.com,AVAILABILITY,origin.list,2022-12-06 05:38:02.289176
cdn.dosya.web.tr,AVAILABILITY,origin.list,2022-12-06 05:38:02.313901
www.cc.sys.intl.xiaomi.com,AVAILABILITY,origin.list,2022-12-06 05:38:02.767413
external.stealthedeal.com,AVAILABILITY,origin.list,2022-12-06 05:38:03.002275
xn--coronavirs-codiv19-u6b.club,AVAILABILITY,origin.list,2022-12-06 05:38:03.648854
www.storeconfig.mistat.intl.xiaomi.com,AVAILABILITY,origin.list,2022-12-06 05:38:03.742824
teknogirls.cf,AVAILABILITY,origin.list,2022-12-06 05:38:03.840920
www.data.mistat.xiaomi.com,AVAILABILITY,origin.list,2022-12-06 05:38:04.064493
xn--srahah-bua.pl,AVAILABILITY,origin.list,2022-12-06 05:38:04.315297
www.abtest.mistat.xiaomi.com,AVAILABILITY,origin.list,2022-12-06 05:38:04.964879
yandex-account-security.com,AVAILABILITY,origin.list,2022-12-06 05:38:05.579621
yhdncdnikjjfn.fr,AVAILABILITY,origin.list,2022-12-06 05:38:05.695767
banner.gameads.io,AVAILABILITY,origin.list,2022-12-06 05:38:05.893012
tlfdnkgsitepog.ml,AVAILABILITY,origin.list,2022-12-06 05:38:06.022994
panel.gameads.io,AVAILABILITY,origin.list,2022-12-06 05:38:06.681707
yhdncdnnrj.in,AVAILABILITY,origin.list,2022-12-06 05:38:06.843568
yhdservsitesrvkcn.nl,AVAILABILITY,origin.list,2022-12-06 05:38:07.415165
administration.ap45.hetznir.ventanasyaluminios.com.mx,AVAILABILITY,origin.list,2022-12-06 05:38:07.646829
gtsdk.batmobi.net,AVAILABILITY,origin.list,2022-12-06 05:38:07.960636
www.ceromobi.club,AVAILABILITY,origin.list,2022-12-06 05:38:08.154841
yhdyhd.ro,AVAILABILITY,origin.list,2022-12-06 05:38:08.591024
mkt.ventanasyaluminios.com.mx,AVAILABILITY,origin.list,2022-12-06 05:38:09.190734
ios.0pengl.com,AVAILABILITY,origin.list,2022-12-06 05:38:09.312922
yhdsrvyhdpower.org,AVAILABILITY,origin.list,2022-12-06 05:38:09.807628
load.collegesmooch.com,AVAILABILITY,origin.list,2022-12-06 05:38:09.937435
d3dkhq0wwdwodv.cloudfront.net,AVAILABILITY,origin.list,2022-12-06 05:38:10.284455
hetznir.ventanasyaluminios.com.mx,AVAILABILITY,origin.list,2022-12-06 05:38:10.293895
www.superlogout.github.io,AVAILABILITY,origin.list,2022-12-06 05:38:10.900753
amerisleep.github.io,AVAILABILITY,origin.list,2022-12-06 05:38:11.085138
ap45.hetznir.ventanasyaluminios.com.mx,AVAILABILITY,origin.list,2022-12-06 05:38:11.314637
ns2.microsoftonlines.net,AVAILABILITY,origin.list,2022-12-06 05:38:11.424902
n2019cov.000webhostapp.com,AVAILABILITY,origin.list,2022-12-06 05:38:11.631796
ctt.pt-particulares.mandalozz.com,AVAILABILITY,origin.list,2022-12-06 05:38:12.262932
host-62-113-112-127.hosted-by-vdsina.ru,AVAILABILITY,origin.list,2022-12-06 05:38:13.225545
ns1.microsoftonlines.net,AVAILABILITY,origin.list,2022-12-06 05:38:13.375924
update.microsoftonlines.net,AVAILABILITY,origin.list,2022-12-06 05:38:13.393178
uk.thor.rtk.io,AVAILABILITY,origin.list,2022-12-06 05:38:13.661683
tweengirlsforum.pk,AVAILABILITY,origin.list,2022-12-06 05:38:14.933779
login.rtk.io,AVAILABILITY,origin.list,2022-12-06 05:38:15.003852
zabbix.symanteprotection.com,AVAILABILITY,origin.list,2022-12-06 05:38:15.043859
media.rtk.io,AVAILABILITY,origin.list,2022-12-06 05:38:15.467490
uk2.thor.rtk.io,AVAILABILITY,origin.list,2022-12-06 05:38:16.487921
www.applicationunificationcontroller.com,AVAILABILITY,origin.list,2022-12-06 05:38:16.649149
www.traffclick.ru,AVAILABILITY,origin.list,2022-12-06 05:38:16.660217
sfo.thor.rtk.io,AVAILABILITY,origin.list,2022-12-06 05:38:16.878075
hexagram.rtk.io,AVAILABILITY,origin.list,2022-12-06 05:38:17.068834
ssl.360antivirus.org,AVAILABILITY,origin.list,2022-12-06 05:38:17.797155
nj.thor.rtk.io,AVAILABILITY,origin.list,2022-12-06 05:38:18.102428
us.btmods.net,AVAILABILITY,origin.list,2022-12-06 05:38:18.231585
mi.btmods.net,AVAILABILITY,origin.list,2022-12-06 05:38:18.297014
analytics.lk.api.ditto.com,AVAILABILITY,origin.list,2022-12-06 05:38:18.433093
install.ddns.info,AVAILABILITY,origin.list,2022-12-06 05:38:19.448513
api.doubles.click,AVAILABILITY,origin.list,2022-12-06 05:38:19.679018
fjrikj.nl,AVAILABILITY,origin.list,2022-12-06 05:38:19.699303
nyc.thor.rtk.io,AVAILABILITY,origin.list,2022-12-06 05:38:19.799642
bideo-blog.com,AVAILABILITY,origin.list,2022-12-06 05:38:21.326469
wmail-endpoint.com,AVAILABILITY,origin.list,2022-12-06 05:38:21.369690
www.goooooooooogle.com,AVAILABILITY,origin.list,2022-12-06 05:38:22.006646
privatproxy-cdn.com,AVAILABILITY,origin.list,2022-12-06 05:38:22.153739
ahoravideo-chat.com,AVAILABILITY,origin.list,2022-12-06 05:38:22.667628
fairu-blog.xyz,AVAILABILITY,origin.list,2022-12-06 05:38:22.790404
fairu-chat.xyz,AVAILABILITY,origin.list,2022-12-06 05:38:23.106765
fairu-cdn.xyz,AVAILABILITY,origin.list,2022-12-06 05:38:23.305355
bideo-schnellvpn.xyz,AVAILABILITY,origin.list,2022-12-06 05:38:24.477950
bideo-blog.xyz,AVAILABILITY,origin.list,2022-12-06 05:38:24.558974
privatproxy-endpoint.xyz,AVAILABILITY,origin.list,2022-12-06 05:38:24.756740
privatproxy-chat.xyz,AVAILABILITY,origin.list,2022-12-06 05:38:24.968804
ahoravideo-endpoint.xyz,AVAILABILITY,origin.list,2022-12-06 05:38:25.628596
ahoravideo-blog.xyz,AVAILABILITY,origin.list,2022-12-06 05:38:25.895747
ahoravideo-chat.xyz,AVAILABILITY,origin.list,2022-12-06 05:38:26.534477
ahoravideo-cdn.xyz,AVAILABILITY,origin.list,2022-12-06 05:38:27.283169
videoads.hotstar.com,AVAILABILITY,origin.list,2022-12-06 05:38:27.750839
www.ads2live.com,AVAILABILITY,origin.list,2022-12-06 05:38:27.971358
privatproxy-blog.com,AVAILABILITY,origin.list,2022-12-06 05:38:28.521094
tempinfo.96.lt,AVAILABILITY,origin.list,2022-12-06 05:38:31.585994
