subject,idna_subject,expiration_date,epoch,registrar
010sec.com,010sec.com,21-jul-2021,1626825600.0,
010sec.com,010sec.com,21-jul-2021,1626825600.0,
01mspmd5yalky8.com,01mspmd5yalky8.com,17-dec-2021,1639699200.0,
01mspmd5yalky8.com,01mspmd5yalky8.com,17-dec-2021,1639699200.0,
0202.com.tw,0202.com.tw,25-apr-2025,1745539200.0,
0202.com.tw,0202.com.tw,25-apr-2025,1745539200.0,
0byv9mgbn0.com,0byv9mgbn0.com,25-apr-2021,1619308800.0,
0byv9mgbn0.com,0byv9mgbn0.com,25-apr-2021,1619308800.0,
12724.xyz,12724.xyz,07-nov-2021,1636243200.0,
12724.xyz,12724.xyz,07-nov-2021,1636243200.0,
15438.xyz,15438.xyz,07-nov-2021,1636243200.0,
15438.xyz,15438.xyz,07-nov-2021,1636243200.0,
21736.xyz,21736.xyz,07-nov-2021,1636243200.0,
21736.xyz,21736.xyz,07-nov-2021,1636243200.0,
2no.co,2no.co,24-may-2021,1621814400.0,
2no.co,2no.co,24-may-2021,1621814400.0,
2s11.com,2s11.com,08-apr-2022,1649376000.0,
2s11.com,2s11.com,08-apr-2022,1649376000.0,
30-day-change.com,30-day-change.com,11-aug-2021,1628640000.0,
30-day-change.com,30-day-change.com,11-aug-2021,1628640000.0,
3lift.org,3lift.org,05-nov-2021,1636070400.0,
3lift.org,3lift.org,05-nov-2021,1636070400.0,
448ff4fcfcd199a.com,448ff4fcfcd199a.com,06-jul-2021,1625529600.0,
448ff4fcfcd199a.com,448ff4fcfcd199a.com,06-jul-2021,1625529600.0,
44chan.me,44chan.me,02-sep-2021,1630540800.0,
44chan.me,44chan.me,02-sep-2021,1630540800.0,
4ourkidsky.com,4ourkidsky.com,18-aug-2021,1629244800.0,
4ourkidsky.com,4ourkidsky.com,18-aug-2021,1629244800.0,
568vovhs6ekbupjo.pro,568vovhs6ekbupjo.pro,13-feb-2021,1613174400.0,
568vovhs6ekbupjo.pro,568vovhs6ekbupjo.pro,13-feb-2021,1613174400.0,
5kv261gjmq04c9.com,5kv261gjmq04c9.com,17-dec-2021,1639699200.0,
5kv261gjmq04c9.com,5kv261gjmq04c9.com,17-dec-2021,1639699200.0,
aaatus.com,aaatus.com,13-feb-2021,1613174400.0,
aaatus.com,aaatus.com,13-feb-2021,1613174400.0,
abdurantom.com,abdurantom.com,17-mar-2021,1615939200.0,
abdurantom.com,abdurantom.com,17-mar-2021,1615939200.0,
abtasty.net,abtasty.net,09-jun-2021,1623196800.0,
abtasty.net,abtasty.net,09-jun-2021,1623196800.0,
acalvet.com,acalvet.com,25-mar-2021,1616630400.0,
acalvet.com,acalvet.com,25-mar-2021,1616630400.0,
acbras.com,acbras.com,23-mar-2021,1616457600.0,
acbras.com,acbras.com,23-mar-2021,1616457600.0,
acccountsgoog1e.com,acccountsgoog1e.com,11-jun-2021,1623369600.0,
acccountsgoog1e.com,acccountsgoog1e.com,11-jun-2021,1623369600.0,
account-mail.info,account-mail.info,20-may-2021,1621468800.0,
account-mail.info,account-mail.info,20-may-2021,1621468800.0,
accountapp.xyz,accountapp.xyz,26-may-2021,1621987200.0,
accountapp.xyz,accountapp.xyz,26-may-2021,1621987200.0,
accountsgoog1e.com,accountsgoog1e.com,28-may-2021,1622160000.0,
accountsgoog1e.com,accountsgoog1e.com,28-may-2021,1622160000.0,
adaptivecss.org,adaptivecss.org,01-mar-2021,1614556800.0,
adaptivecss.org,adaptivecss.org,01-mar-2021,1614556800.0,
adorebeauty.org,adorebeauty.org,04-may-2021,1620086400.0,
adorebeauty.org,adorebeauty.org,04-may-2021,1620086400.0,
adroitpmps.com,adroitpmps.com,22-mar-2021,1616371200.0,
adroitpmps.com,adroitpmps.com,22-mar-2021,1616371200.0,
adsflame.com,adsflame.com,07-feb-2021,1612656000.0,
adsflame.com,adsflame.com,07-feb-2021,1612656000.0,
adtekmedia.com,adtekmedia.com,31-jan-2021,1612051200.0,
adtekmedia.com,adtekmedia.com,31-jan-2021,1612051200.0,
adzerk.com,adzerk.com,12-may-2025,1747008000.0,
adzerk.com,adzerk.com,12-may-2025,1747008000.0,
afsasdfa33.xyz,afsasdfa33.xyz,10-jul-2021,1625875200.0,
afsasdfa33.xyz,afsasdfa33.xyz,10-jul-2021,1625875200.0,
ahf4ycvea439tt9rq.site,ahf4ycvea439tt9rq.site,24-mar-2021,1616544000.0,
ahf4ycvea439tt9rq.site,ahf4ycvea439tt9rq.site,24-mar-2021,1616544000.0,
aiisa.am,aiisa.am,02-apr-2021,1617321600.0,
aiisa.am,aiisa.am,02-apr-2021,1617321600.0,
aircovid19virus.com,aircovid19virus.com,17-mar-2021,1615939200.0,
aircovid19virus.com,aircovid19virus.com,17-mar-2021,1615939200.0,
akibaol.com,akibaol.com,30-apr-2021,1619740800.0,
akibaol.com,akibaol.com,30-apr-2021,1619740800.0,
alexandr01299.xyz,alexandr01299.xyz,30-jul-2021,1627603200.0,
alexandr01299.xyz,alexandr01299.xyz,30-jul-2021,1627603200.0,
alidnx.com,alidnx.com,14-nov-2021,1636848000.0,
alidnx.com,alidnx.com,14-nov-2021,1636848000.0,
alliance4media.com,alliance4media.com,16-jan-2021,1610755200.0,
alliance4media.com,alliance4media.com,16-jan-2021,1610755200.0,
allmygoodlife.com,allmygoodlife.com,12-jul-2021,1626048000.0,
allmygoodlife.com,allmygoodlife.com,12-jul-2021,1626048000.0,
alpinehandlingsystems.com,alpinehandlingsystems.com,23-jun-2021,1624406400.0,
alpinehandlingsystems.com,alpinehandlingsystems.com,23-jun-2021,1624406400.0,
amarktflow.com,amarktflow.com,11-sep-2022,1662854400.0,
amarktflow.com,amarktflow.com,11-sep-2022,1662854400.0,
amazonco.uk,amazonco.uk,21-sep-2022,1663718400.0,
amazonco.uk,amazonco.uk,21-sep-2022,1663718400.0,
amorluv.com,amorluv.com,30-jan-2021,1611964800.0,
amorluv.com,amorluv.com,30-jan-2021,1611964800.0,
annualconsumersurvey.com,annualconsumersurvey.com,20-sep-2021,1632096000.0,
annualconsumersurvey.com,annualconsumersurvey.com,20-sep-2021,1632096000.0,
antivirus-covid19.site,antivirus-covid19.site,20-mar-2021,1616198400.0,
antivirus-covid19.site,antivirus-covid19.site,20-mar-2021,1616198400.0,
aoredi.com,aoredi.com,29-mar-2021,1616976000.0,
aoredi.com,aoredi.com,29-mar-2021,1616976000.0,
ap-ms.net,ap-ms.net,11-feb-2021,1613001600.0,
ap-ms.net,ap-ms.net,11-feb-2021,1613001600.0,
ar500arnor.com,ar500arnor.com,10-jul-2021,1625875200.0,
ar500arnor.com,ar500arnor.com,10-jul-2021,1625875200.0,
aresboot.xyz,aresboot.xyz,08-feb-2023,1675814400.0,
aresboot.xyz,aresboot.xyz,08-feb-2023,1675814400.0,
arjoflor.com,arjoflor.com,19-mar-2021,1616112000.0,
arjoflor.com,arjoflor.com,19-mar-2021,1616112000.0,
arjoflos.com,arjoflos.com,25-mar-2021,1616630400.0,
arjoflos.com,arjoflos.com,25-mar-2021,1616630400.0,
arkonziv.com,arkonziv.com,11-mar-2021,1615420800.0,
arkonziv.com,arkonziv.com,11-mar-2021,1615420800.0,
armantark.com,armantark.com,15-jul-2021,1626307200.0,
armantark.com,armantark.com,15-jul-2021,1626307200.0,
armconsul.ru,armconsul.ru,21-jun-2021,1624233600.0,
armconsul.ru,armconsul.ru,21-jun-2021,1624233600.0,
artizaa.com,artizaa.com,04-dec-2021,1638576000.0,
artizaa.com,artizaa.com,04-dec-2021,1638576000.0,
au-ul.com,au-ul.com,12-dec-2021,1639267200.0,
au-ul.com,au-ul.com,12-dec-2021,1639267200.0,
auth-google.site,auth-google.site,06-jun-2021,1622937600.0,
auth-google.site,auth-google.site,06-jun-2021,1622937600.0,
auth-mail.email,auth-mail.email,24-may-2021,1621814400.0,
auth-mail.email,auth-mail.email,24-may-2021,1621814400.0,
avrenew.com,avrenew.com,11-feb-2021,1613001600.0,
avrenew.com,avrenew.com,11-feb-2021,1613001600.0,
aws-update.net,aws-update.net,30-mar-2021,1617062400.0,
aws-update.net,aws-update.net,30-mar-2021,1617062400.0,
bank-japanpost.com,bank-japanpost.com,22-apr-2021,1619049600.0,
bank-japanpost.com,bank-japanpost.com,22-apr-2021,1619049600.0,
bank-japanpostjp.com,bank-japanpostjp.com,22-apr-2021,1619049600.0,
bank-japanpostjp.com,bank-japanpostjp.com,22-apr-2021,1619049600.0,
banner.org.ua,banner.org.ua,20-jun-2021,1624147200.0,
banner.org.ua,banner.org.ua,20-jun-2021,1624147200.0,
beauty-tea.com,beauty-tea.com,13-aug-2021,1628812800.0,
beauty-tea.com,beauty-tea.com,13-aug-2021,1628812800.0,
bergadimspower.com,bergadimspower.com,19-mar-2021,1616112000.0,
bergadimspower.com,bergadimspower.com,19-mar-2021,1616112000.0,
berkesteermaster.com,berkesteermaster.com,18-mar-2021,1616025600.0,
berkesteermaster.com,berkesteermaster.com,18-mar-2021,1616025600.0,
best2019-games-web4.com,best2019-games-web4.com,20-jun-2021,1624147200.0,
best2019-games-web4.com,best2019-games-web4.com,20-jun-2021,1624147200.0,
bestprizesday3.life,bestprizesday3.life,02-jul-2021,1625184000.0,
bestprizesday3.life,bestprizesday3.life,02-jul-2021,1625184000.0,
besttus.com,besttus.com,13-feb-2021,1613174400.0,
besttus.com,besttus.com,13-feb-2021,1613174400.0,
betpromo247.com,betpromo247.com,20-dec-2021,1639958400.0,
betpromo247.com,betpromo247.com,20-dec-2021,1639958400.0,
bidgear.com,bidgear.com,30-aug-2023,1693353600.0,
bidgear.com,bidgear.com,30-aug-2023,1693353600.0,
bigtus.com,bigtus.com,13-feb-2021,1613174400.0,
bigtus.com,bigtus.com,13-feb-2021,1613174400.0,
binexeupload.ru,binexeupload.ru,09-apr-2021,1617926400.0,
binexeupload.ru,binexeupload.ru,09-apr-2021,1617926400.0,
bitstarz27.com,bitstarz27.com,16-nov-2021,1637020800.0,
bitstarz27.com,bitstarz27.com,16-nov-2021,1637020800.0,
bitstarz28.com,bitstarz28.com,16-nov-2021,1637020800.0,
bitstarz28.com,bitstarz28.com,16-nov-2021,1637020800.0,
blasze.com,blasze.com,23-mar-2021,1616457600.0,
blasze.com,blasze.com,23-mar-2021,1616457600.0,
blasze.tk,blasze.tk,29-jan-2023,1674950400.0,
blasze.tk,blasze.tk,29-jan-2023,1674950400.0,
bmwforum.co,bmwforum.co,12-aug-2021,1628726400.0,
bmwforum.co,bmwforum.co,12-aug-2021,1628726400.0,
botduke1.ug,botduke1.ug,14-feb-2021,1613260800.0,
botduke1.ug,botduke1.ug,14-feb-2021,1613260800.0,
botnew.ug,botnew.ug,25-mar-2021,1616630400.0,
botnew.ug,botnew.ug,25-mar-2021,1616630400.0,
braincdn.org,braincdn.org,07-oct-2021,1633564800.0,
braincdn.org,braincdn.org,07-oct-2021,1633564800.0,
brainschampions.com,brainschampions.com,28-feb-2021,1614470400.0,
brainschampions.com,brainschampions.com,28-feb-2021,1614470400.0,
bralibuda.com,bralibuda.com,12-mar-2021,1615507200.0,
bralibuda.com,bralibuda.com,12-mar-2021,1615507200.0,
brilns.com,brilns.com,22-dec-2021,1640131200.0,
brilns.com,brilns.com,22-dec-2021,1640131200.0,
bs.direct,bs.direct,02-nov-2021,1635811200.0,
bs.direct,bs.direct,02-nov-2021,1635811200.0,
bslines.xyz,bslines.xyz,24-feb-2021,1614124800.0,
bslines.xyz,bslines.xyz,24-feb-2021,1614124800.0,
bunnyland.cc,bunnyland.cc,06-apr-2021,1617667200.0,
bunnyland.cc,bunnyland.cc,06-apr-2021,1617667200.0,
busyserviceinc.com,busyserviceinc.com,17-jun-2021,1623888000.0,
busyserviceinc.com,busyserviceinc.com,17-jun-2021,1623888000.0,
buzzclicks.com,buzzclicks.com,15-dec-2021,1639526400.0,
buzzclicks.com,buzzclicks.com,15-dec-2021,1639526400.0,
camsoda.com,camsoda.com,28-apr-2025,1745798400.0,
camsoda.com,camsoda.com,28-apr-2025,1745798400.0,
candygirls.cc,candygirls.cc,28-mar-2021,1616889600.0,
candygirls.cc,candygirls.cc,28-mar-2021,1616889600.0,
canuck-method.com,canuck-method.com,28-feb-2021,1614470400.0,
canuck-method.com,canuck-method.com,28-feb-2021,1614470400.0,
carniferou.club,carniferou.club,30-jan-2021,1611964800.0,
carniferou.club,carniferou.club,30-jan-2021,1611964800.0,
castoola.com,castoola.com,04-aug-2022,1659571200.0,
castoola.com,castoola.com,04-aug-2022,1659571200.0,
cdchealth.org,cdchealth.org,03-mar-2021,1614729600.0,
cdchealth.org,cdchealth.org,03-mar-2021,1614729600.0,
cdnassels.com,cdnassels.com,28-sep-2021,1632787200.0,
cdnassels.com,cdnassels.com,28-sep-2021,1632787200.0,
cdnmage.com,cdnmage.com,17-jul-2021,1626480000.0,
cdnmage.com,cdnmage.com,17-jul-2021,1626480000.0,
ceromobi.club,ceromobi.club,15-may-2021,1621036800.0,
ceromobi.club,ceromobi.club,15-may-2021,1621036800.0,
chanekee.ga,chanekee.ga,09-apr-2021,1617926400.0,
chanekee.ga,chanekee.ga,09-apr-2021,1617926400.0,
chauksoa.net,chauksoa.net,20-jan-2021,1611100800.0,
chauksoa.net,chauksoa.net,20-jan-2021,1611100800.0,
checkwinupdate.com,checkwinupdate.com,31-jan-2021,1612051200.0,
checkwinupdate.com,checkwinupdate.com,31-jan-2021,1612051200.0,
cherryemoore.com,cherryemoore.com,11-sep-2021,1631318400.0,
cherryemoore.com,cherryemoore.com,11-sep-2021,1631318400.0,
clearcovid19virus.com,clearcovid19virus.com,17-mar-2021,1615939200.0,
clearcovid19virus.com,clearcovid19virus.com,17-mar-2021,1615939200.0,
cleardefencewin.com,cleardefencewin.com,27-jan-2021,1611705600.0,
cleardefencewin.com,cleardefencewin.com,27-jan-2021,1611705600.0,
closetlondon.org,closetlondon.org,06-nov-2021,1636156800.0,
closetlondon.org,closetlondon.org,06-nov-2021,1636156800.0,
cmdupdatewin.com,cmdupdatewin.com,19-dec-2021,1639872000.0,
cmdupdatewin.com,cmdupdatewin.com,19-dec-2021,1639872000.0,
cmytuok.top,cmytuok.top,25-apr-2021,1619308800.0,
cmytuok.top,cmytuok.top,25-apr-2021,1619308800.0,
coffemokko.com,coffemokko.com,21-dec-2021,1640044800.0,
coffemokko.com,coffemokko.com,21-dec-2021,1640044800.0,
com-auth.site,com-auth.site,11-sep-2021,1631318400.0,
com-auth.site,com-auth.site,11-sep-2021,1631318400.0,
com-enter.site,com-enter.site,20-jun-2021,1624147200.0,
com-enter.site,com-enter.site,20-jun-2021,1624147200.0,
com-fasting.live,com-fasting.live,16-apr-2021,1618531200.0,
com-fasting.live,com-fasting.live,16-apr-2021,1618531200.0,
com-gm.site,com-gm.site,24-jun-2021,1624492800.0,
com-gm.site,com-gm.site,24-jun-2021,1624492800.0,
com-notice.info,com-notice.info,27-apr-2021,1619481600.0,
com-notice.info,com-notice.info,27-apr-2021,1619481600.0,
comericac.com,comericac.com,27-may-2021,1622073600.0,
comericac.com,comericac.com,27-may-2021,1622073600.0,
comilar-efferiff.icu,comilar-efferiff.icu,21-apr-2021,1618963200.0,
comilar-efferiff.icu,comilar-efferiff.icu,21-apr-2021,1618963200.0,
completesatisfaction.ltd,completesatisfaction.ltd,30-aug-2021,1630281600.0,
completesatisfaction.ltd,completesatisfaction.ltd,30-aug-2021,1630281600.0,
comssite.com,comssite.com,13-feb-2021,1613174400.0,
comssite.com,comssite.com,13-feb-2021,1613174400.0,
configsysrc.info,configsysrc.info,08-oct-2021,1633651200.0,
configsysrc.info,configsysrc.info,08-oct-2021,1633651200.0,
conhostservice.com,conhostservice.com,31-jan-2021,1612051200.0,
conhostservice.com,conhostservice.com,31-jan-2021,1612051200.0,
consumerproductsusa.com,consumerproductsusa.com,27-jul-2021,1627344000.0,
consumerproductsusa.com,consumerproductsusa.com,27-jul-2021,1627344000.0,
contatoonline1.com,contatoonline1.com,24-mar-2021,1616544000.0,
contatoonline1.com,contatoonline1.com,24-mar-2021,1616544000.0,
coronabreath.com,coronabreath.com,17-mar-2021,1615939200.0,
coronabreath.com,coronabreath.com,17-mar-2021,1615939200.0,
coropolifonicocittadiladispoli.it,coropolifonicocittadiladispoli.it,09-jul-2021,1625788800.0,
coropolifonicocittadiladispoli.it,coropolifonicocittadiladispoli.it,09-jul-2021,1625788800.0,
corp-github.com,corp-github.com,08-apr-2021,1617840000.0,
corp-github.com,corp-github.com,08-apr-2021,1617840000.0,
cosiloon.com,cosiloon.com,20-aug-2021,1629417600.0,
cosiloon.com,cosiloon.com,20-aug-2021,1629417600.0,
covid19-info.online,covid19-info.online,16-mar-2021,1615852800.0,
covid19-info.online,covid19-info.online,16-mar-2021,1615852800.0,
cutebaitsforum.cc,cutebaitsforum.cc,03-feb-2021,1612310400.0,
cutebaitsforum.cc,cutebaitsforum.cc,03-feb-2021,1612310400.0,
cutecams.space,cutecams.space,15-aug-2021,1628985600.0,
cutecams.space,cutecams.space,15-aug-2021,1628985600.0,
cutedolls.top,cutedolls.top,10-apr-2021,1618012800.0,
cutedolls.top,cutedolls.top,10-apr-2021,1618012800.0,
cutegirls.cc,cutegirls.cc,17-jun-2021,1623888000.0,
cutegirls.cc,cutegirls.cc,17-jun-2021,1623888000.0,
cylenceprotect.com,cylenceprotect.com,27-jan-2021,1611705600.0,
cylenceprotect.com,cylenceprotect.com,27-jan-2021,1611705600.0,
d-and-h.com,d-and-h.com,11-sep-2021,1631318400.0,
d-and-h.com,d-and-h.com,11-sep-2021,1631318400.0,
d01fa.net,d01fa.net,19-dec-2021,1639872000.0,
d01fa.net,d01fa.net,19-dec-2021,1639872000.0,
dadsats.com,dadsats.com,11-nov-2021,1636588800.0,
dadsats.com,dadsats.com,11-nov-2021,1636588800.0,
data-ero-advertising.com,data-ero-advertising.com,14-jul-2021,1626220800.0,
data-ero-advertising.com,data-ero-advertising.com,14-jul-2021,1626220800.0,
daunteegyptian.pro,daunteegyptian.pro,26-sep-2021,1632614400.0,
daunteegyptian.pro,daunteegyptian.pro,26-sep-2021,1632614400.0,
defenswin.com,defenswin.com,11-feb-2021,1613001600.0,
defenswin.com,defenswin.com,11-feb-2021,1613001600.0,
desktest1.xyz,desktest1.xyz,17-jul-2021,1626480000.0,
desktest1.xyz,desktest1.xyz,17-jul-2021,1626480000.0,
desktest5.xyz,desktest5.xyz,17-jul-2021,1626480000.0,
desktest5.xyz,desktest5.xyz,17-jul-2021,1626480000.0,
desktest9.xyz,desktest9.xyz,17-jul-2021,1626480000.0,
desktest9.xyz,desktest9.xyz,17-jul-2021,1626480000.0,
devata.icu,devata.icu,08-dec-2021,1638921600.0,
devata.icu,devata.icu,08-dec-2021,1638921600.0,
dobre-programy.pl,dobre-programy.pl,29-aug-2021,1630195200.0,
dobre-programy.pl,dobre-programy.pl,29-aug-2021,1630195200.0,
dobre-programy.xyz,dobre-programy.xyz,28-jan-2021,1611792000.0,
dobre-programy.xyz,dobre-programy.xyz,28-jan-2021,1611792000.0,
dobreprogramy.pro,dobreprogramy.pro,08-jun-2021,1623110400.0,
dobreprogramy.pro,dobreprogramy.pro,08-jun-2021,1623110400.0,
dokerest.xyz,dokerest.xyz,12-jul-2021,1626048000.0,
dokerest.xyz,dokerest.xyz,12-jul-2021,1626048000.0,
dokertest.xyz,dokertest.xyz,12-jul-2021,1626048000.0,
dokertest.xyz,dokertest.xyz,12-jul-2021,1626048000.0,
dolodos.top,dolodos.top,28-sep-2021,1632787200.0,
dolodos.top,dolodos.top,28-sep-2021,1632787200.0,
domenuscdm.com,domenuscdm.com,31-oct-2021,1635638400.0,
domenuscdm.com,domenuscdm.com,31-oct-2021,1635638400.0,
doublepimpads.com,doublepimpads.com,18-apr-2021,1618704000.0,
doublepimpads.com,doublepimpads.com,18-apr-2021,1618704000.0,
dreamlist.top,dreamlist.top,02-apr-2021,1617321600.0,
dreamlist.top,dreamlist.top,02-apr-2021,1617321600.0,
droinjoin.xyz,droinjoin.xyz,15-jul-2021,1626307200.0,
droinjoin.xyz,droinjoin.xyz,15-jul-2021,1626307200.0,
droptop1.com,droptop1.com,17-feb-2021,1613520000.0,
droptop1.com,droptop1.com,17-feb-2021,1613520000.0,
droptop10.com,droptop10.com,27-feb-2021,1614384000.0,
droptop10.com,droptop10.com,27-feb-2021,1614384000.0,
droptop2.com,droptop2.com,25-feb-2021,1614211200.0,
droptop2.com,droptop2.com,25-feb-2021,1614211200.0,
droptop3.com,droptop3.com,28-feb-2021,1614470400.0,
droptop3.com,droptop3.com,28-feb-2021,1614470400.0,
dsw44z5igdmmbo.com,dsw44z5igdmmbo.com,17-dec-2021,1639699200.0,
dsw44z5igdmmbo.com,dsw44z5igdmmbo.com,17-dec-2021,1639699200.0,
dswsite.com,dswsite.com,05-jul-2021,1625443200.0,
dswsite.com,dswsite.com,05-jul-2021,1625443200.0,
dysoool.com,dysoool.com,09-mar-2021,1615248000.0,
dysoool.com,dysoool.com,09-mar-2021,1615248000.0,
easytus.com,easytus.com,13-feb-2021,1613174400.0,
easytus.com,easytus.com,13-feb-2021,1613174400.0,
edisonlee.net,edisonlee.net,05-apr-2021,1617580800.0,
edisonlee.net,edisonlee.net,05-apr-2021,1617580800.0,
eh8jq4cmq8j9g5.com,eh8jq4cmq8j9g5.com,17-dec-2021,1639699200.0,
eh8jq4cmq8j9g5.com,eh8jq4cmq8j9g5.com,17-dec-2021,1639699200.0,
elegrina.com,elegrina.com,02-feb-2021,1612224000.0,
elegrina.com,elegrina.com,02-feb-2021,1612224000.0,
eom-nv.com,eom-nv.com,22-aug-2021,1629590400.0,
eom-nv.com,eom-nv.com,22-aug-2021,1629590400.0,
epos-ua.com,epos-ua.com,09-dec-2021,1639008000.0,
epos-ua.com,epos-ua.com,09-dec-2021,1639008000.0,
ergensu.com,ergensu.com,07-apr-2021,1617753600.0,
ergensu.com,ergensu.com,07-apr-2021,1617753600.0,
etradesupply.org,etradesupply.org,05-nov-2021,1636070400.0,
etradesupply.org,etradesupply.org,05-nov-2021,1636070400.0,
facebooktoday.cc,facebooktoday.cc,26-feb-2021,1614297600.0,
facebooktoday.cc,facebooktoday.cc,26-feb-2021,1614297600.0,
famartil.com,famartil.com,25-mar-2021,1616630400.0,
famartil.com,famartil.com,25-mar-2021,1616630400.0,
faymobi.com,faymobi.com,23-sep-2021,1632355200.0,
faymobi.com,faymobi.com,23-sep-2021,1632355200.0,
fdn-en.net,fdn-en.net,17-apr-2021,1618617600.0,
fdn-en.net,fdn-en.net,17-apr-2021,1618617600.0,
fedortest.xyz,fedortest.xyz,12-jul-2021,1626048000.0,
fedortest.xyz,fedortest.xyz,12-jul-2021,1626048000.0,
feylibertad.org,feylibertad.org,10-nov-2021,1636502400.0,
feylibertad.org,feylibertad.org,10-nov-2021,1636502400.0,
fgddl9szdof7.com,fgddl9szdof7.com,10-may-2021,1620604800.0,
fgddl9szdof7.com,fgddl9szdof7.com,10-may-2021,1620604800.0,
fgoogle.com,fgoogle.com,29-aug-2025,1756425600.0,
fgoogle.com,fgoogle.com,29-aug-2025,1756425600.0,
findtus.com,findtus.com,13-feb-2021,1613174400.0,
findtus.com,findtus.com,13-feb-2021,1613174400.0,
firsttus.com,firsttus.com,13-feb-2021,1613174400.0,
firsttus.com,firsttus.com,13-feb-2021,1613174400.0,
fjrfjrsitenchdnfjr.org,fjrfjrsitenchdnfjr.org,22-nov-2021,1637539200.0,
fjrfjrsitenchdnfjr.org,fjrfjrsitenchdnfjr.org,22-nov-2021,1637539200.0,
foodandcot.com,foodandcot.com,01-dec-2021,1638316800.0,
foodandcot.com,foodandcot.com,01-dec-2021,1638316800.0,
fortnight.space,fortnight.space,26-sep-2021,1632614400.0,
fortnight.space,fortnight.space,26-sep-2021,1632614400.0,
fortnitechat.site,fortnitechat.site,26-sep-2021,1632614400.0,
fortnitechat.site,fortnitechat.site,26-sep-2021,1632614400.0,
found.ee,found.ee,18-mar-2021,1616025600.0,
found.ee,found.ee,18-mar-2021,1616025600.0,
free-dating-girls.online,free-dating-girls.online,14-aug-2021,1628899200.0,
free-dating-girls.online,free-dating-girls.online,14-aug-2021,1628899200.0,
freeadult.games,freeadult.games,22-dec-2021,1640131200.0,
freeadult.games,freeadult.games,22-dec-2021,1640131200.0,
freeallsafe.com,freeallsafe.com,11-feb-2021,1613001600.0,
freeallsafe.com,freeallsafe.com,11-feb-2021,1613001600.0,
freegiftcards.co,freegiftcards.co,13-jun-2021,1623542400.0,
freegiftcards.co,freegiftcards.co,13-jun-2021,1623542400.0,
freeoldsafe.com,freeoldsafe.com,18-feb-2021,1613606400.0,
freeoldsafe.com,freeoldsafe.com,18-feb-2021,1613606400.0,
freetospeak.me,freetospeak.me,24-sep-2021,1632441600.0,
freetospeak.me,freetospeak.me,24-sep-2021,1632441600.0,
freshdepor.com,freshdepor.com,02-dec-2021,1638403200.0,
freshdepor.com,freshdepor.com,02-dec-2021,1638403200.0,
frilns.com,frilns.com,28-jan-2021,1611792000.0,
frilns.com,frilns.com,28-jan-2021,1611792000.0,
frosdank.com,frosdank.com,15-jul-2021,1626307200.0,
frosdank.com,frosdank.com,15-jul-2021,1626307200.0,
frostdank.com,frostdank.com,20-may-2021,1621468800.0,
frostdank.com,frostdank.com,20-may-2021,1621468800.0,
fuly-lucky.com,fuly-lucky.com,17-feb-2021,1613520000.0,
fuly-lucky.com,fuly-lucky.com,17-feb-2021,1613520000.0,
gainblox.com,gainblox.com,16-aug-2021,1629072000.0,
gainblox.com,gainblox.com,16-aug-2021,1629072000.0,
gamblerush.com,gamblerush.com,19-apr-2021,1618790400.0,
gamblerush.com,gamblerush.com,19-apr-2021,1618790400.0,
getegroup.com,getegroup.com,23-aug-2021,1629676800.0,
getegroup.com,getegroup.com,23-aug-2021,1629676800.0,
girlstofap.ga,girlstofap.ga,21-feb-2021,1613865600.0,
girlstofap.ga,girlstofap.ga,21-feb-2021,1613865600.0,
githb.co,githb.co,06-jun-2021,1622937600.0,
githb.co,githb.co,06-jun-2021,1622937600.0,
globalpagee-prod-webex.com,globalpagee-prod-webex.com,03-mar-2021,1614729600.0,
globalpagee-prod-webex.com,globalpagee-prod-webex.com,03-mar-2021,1614729600.0,
glt-app.net,glt-app.net,02-apr-2021,1617321600.0,
glt-app.net,glt-app.net,02-apr-2021,1617321600.0,
glthub.co,glthub.co,12-may-2021,1620777600.0,
glthub.co,glthub.co,12-may-2021,1620777600.0,
glthub.info,glthub.info,18-apr-2021,1618704000.0,
glthub.info,glthub.info,18-apr-2021,1618704000.0,
glthub.net,glthub.net,28-nov-2021,1638057600.0,
glthub.net,glthub.net,28-nov-2021,1638057600.0,
glthube.app,glthube.app,30-mar-2021,1617062400.0,
glthube.app,glthube.app,30-mar-2021,1617062400.0,
glthubs.com,glthubs.com,06-oct-2021,1633478400.0,
glthubs.com,glthubs.com,06-oct-2021,1633478400.0,
glthubs.net,glthubs.net,29-mar-2021,1616976000.0,
glthubs.net,glthubs.net,29-mar-2021,1616976000.0,
glthubse.info,glthubse.info,01-apr-2021,1617235200.0,
glthubse.info,glthubse.info,01-apr-2021,1617235200.0,
gmail-warning.top,gmail-warning.top,20-may-2021,1621468800.0,
gmail-warning.top,gmail-warning.top,20-may-2021,1621468800.0,
godoycrus.com,godoycrus.com,26-jan-2021,1611619200.0,
godoycrus.com,godoycrus.com,26-jan-2021,1611619200.0,
goldenlion.sg,goldenlion.sg,19-jul-2021,1626652800.0,
goldenlion.sg,goldenlion.sg,19-jul-2021,1626652800.0,
google-activity.pw,google-activity.pw,19-jul-2021,1626652800.0,
google-activity.pw,google-activity.pw,19-jul-2021,1626652800.0,
googlephoto.vip,googlephoto.vip,24-sep-2021,1632441600.0,
googlephoto.vip,googlephoto.vip,24-sep-2021,1632441600.0,
goooooooooogle.com,goooooooooogle.com,16-oct-2021,1634342400.0,
goooooooooogle.com,goooooooooogle.com,16-oct-2021,1634342400.0,
govaj.com,govaj.com,10-mar-2021,1615334400.0,
govaj.com,govaj.com,10-mar-2021,1615334400.0,
grabascoop.com,grabascoop.com,25-feb-2021,1614211200.0,
grabascoop.com,grabascoop.com,25-feb-2021,1614211200.0,
grabify.link,grabify.link,05-jul-2022,1656979200.0,
grabify.link,grabify.link,05-jul-2022,1656979200.0,
grandmods.com,grandmods.com,06-oct-2021,1633478400.0,
grandmods.com,grandmods.com,06-oct-2021,1633478400.0,
grandonmedia.com,grandonmedia.com,05-mar-2021,1614902400.0,
grandonmedia.com,grandonmedia.com,05-mar-2021,1614902400.0,
greatmacsoft.tech,greatmacsoft.tech,30-jul-2021,1627603200.0,
greatmacsoft.tech,greatmacsoft.tech,30-jul-2021,1627603200.0,
greattus.com,greattus.com,13-feb-2021,1613174400.0,
greattus.com,greattus.com,13-feb-2021,1613174400.0,
greenheartmed.org,greenheartmed.org,14-apr-2021,1618358400.0,
greenheartmed.org,greenheartmed.org,14-apr-2021,1618358400.0,
gvoice8765.online,gvoice8765.online,21-may-2021,1621555200.0,
gvoice8765.online,gvoice8765.online,21-may-2021,1621555200.0,
hadslims.com,hadslims.com,25-feb-2021,1614211200.0,
hadslims.com,hadslims.com,25-feb-2021,1614211200.0,
hadsoks.com,hadsoks.com,25-feb-2021,1614211200.0,
hadsoks.com,hadsoks.com,25-feb-2021,1614211200.0,
havesetup.net,havesetup.net,28-jan-2021,1611792000.0,
havesetup.net,havesetup.net,28-jan-2021,1611792000.0,
hdnewporn.com,hdnewporn.com,20-dec-2021,1639958400.0,
hdnewporn.com,hdnewporn.com,20-dec-2021,1639958400.0,
heixbai.com,heixbai.com,26-aug-2021,1629936000.0,
heixbai.com,heixbai.com,26-aug-2021,1629936000.0,
hitboom.net,hitboom.net,07-dec-2021,1638835200.0,
hitboom.net,hitboom.net,07-dec-2021,1638835200.0,
hkrevolt.com,hkrevolt.com,24-sep-2021,1632441600.0,
hkrevolt.com,hkrevolt.com,24-sep-2021,1632441600.0,
hostfleek.com,hostfleek.com,06-mar-2021,1614988800.0,
hostfleek.com,hostfleek.com,06-mar-2021,1614988800.0,
hostingfreelife.com,hostingfreelife.com,17-aug-2021,1629158400.0,
hostingfreelife.com,hostingfreelife.com,17-aug-2021,1629158400.0,
hpphhpph.com,hpphhpph.com,22-apr-2021,1619049600.0,
hpphhpph.com,hpphhpph.com,22-apr-2021,1619049600.0,
hpyrdr.com,hpyrdr.com,10-sep-2021,1631232000.0,
hpyrdr.com,hpyrdr.com,10-sep-2021,1631232000.0,
hrcorp1.site,hrcorp1.site,04-mar-2021,1614816000.0,
hrcorp1.site,hrcorp1.site,04-mar-2021,1614816000.0,
hrtya.com,hrtya.com,09-feb-2021,1612828800.0,
hrtya.com,hrtya.com,09-feb-2021,1612828800.0,
i-sharecloud.com,i-sharecloud.com,10-mar-2021,1615334400.0,
i-sharecloud.com,i-sharecloud.com,10-mar-2021,1615334400.0,
id-support-email.com,id-support-email.com,26-jun-2021,1624665600.0,
id-support-email.com,id-support-email.com,26-jun-2021,1624665600.0,
id451295.com,id451295.com,02-dec-2021,1638403200.0,
id451295.com,id451295.com,02-dec-2021,1638403200.0,
id6589.com,id6589.com,09-dec-2021,1639008000.0,
id6589.com,id6589.com,09-dec-2021,1639008000.0,
iexploreservice.com,iexploreservice.com,03-feb-2021,1612310400.0,
iexploreservice.com,iexploreservice.com,03-feb-2021,1612310400.0,
ikunselt.com,ikunselt.com,05-jun-2021,1622851200.0,
ikunselt.com,ikunselt.com,05-jun-2021,1622851200.0,
indiaonclick.com,indiaonclick.com,05-mar-2021,1614902400.0,
indiaonclick.com,indiaonclick.com,05-mar-2021,1614902400.0,
init.sh,init.sh,17-jan-2021,1610841600.0,
init.sh,init.sh,17-jan-2021,1610841600.0,
innovativemasonry.net,innovativemasonry.net,07-aug-2021,1628294400.0,
innovativemasonry.net,innovativemasonry.net,07-aug-2021,1628294400.0,
inps-informa.online,inps-informa.online,04-apr-2021,1617494400.0,
inps-informa.online,inps-informa.online,04-apr-2021,1617494400.0,
instaboom-hello.site,instaboom-hello.site,16-sep-2021,1631750400.0,
instaboom-hello.site,instaboom-hello.site,16-sep-2021,1631750400.0,
instui201.info,instui201.info,31-may-2021,1622419200.0,
instui201.info,instui201.info,31-may-2021,1622419200.0,
iplogger.com,iplogger.com,16-nov-2021,1637020800.0,
iplogger.com,iplogger.com,16-nov-2021,1637020800.0,
iplogger.ru,iplogger.ru,22-feb-2021,1613952000.0,
iplogger.ru,iplogger.ru,22-feb-2021,1613952000.0,
is.sh,is.sh,30-apr-2027,1809043200.0,
is.sh,is.sh,30-apr-2027,1809043200.0,
italiapagamen.com,italiapagamen.com,11-jun-2021,1623369600.0,
italiapagamen.com,italiapagamen.com,11-jun-2021,1623369600.0,
jailbaitclub.top,jailbaitclub.top,16-jan-2021,1610755200.0,
jailbaitclub.top,jailbaitclub.top,16-jan-2021,1610755200.0,
jailbaits.top,jailbaits.top,28-nov-2021,1638057600.0,
jailbaits.top,jailbaits.top,28-nov-2021,1638057600.0,
jbcam.cz,jbcam.cz,16-dec-2021,1639612800.0,
jbcam.cz,jbcam.cz,16-dec-2021,1639612800.0,
jbvmix.link,jbvmix.link,20-feb-2021,1613779200.0,
jbvmix.link,jbvmix.link,20-feb-2021,1613779200.0,
jeddahcrumbly.com,jeddahcrumbly.com,06-apr-2021,1617667200.0,
jeddahcrumbly.com,jeddahcrumbly.com,06-apr-2021,1617667200.0,
jewsondirect.com,jewsondirect.com,21-jan-2021,1611187200.0,
jewsondirect.com,jewsondirect.com,21-jan-2021,1611187200.0,
jfnnrjfjrfjr.com,jfnnrjfjrfjr.com,22-nov-2021,1637539200.0,
jfnnrjfjrfjr.com,jfnnrjfjrfjr.com,22-nov-2021,1637539200.0,
jnachb.com,jnachb.com,20-feb-2021,1613779200.0,
jnachb.com,jnachb.com,20-feb-2021,1613779200.0,
joindroin.xyz,joindroin.xyz,15-jul-2021,1626307200.0,
joindroin.xyz,joindroin.xyz,15-jul-2021,1626307200.0,
joinmy.site,joinmy.site,26-sep-2021,1632614400.0,
joinmy.site,joinmy.site,26-sep-2021,1632614400.0,
js-cloud.com,js-cloud.com,25-jul-2021,1627171200.0,
js-cloud.com,js-cloud.com,25-jul-2021,1627171200.0,
k5market.com,k5market.com,14-mar-2021,1615680000.0,
k5market.com,k5market.com,14-mar-2021,1615680000.0,
kittygfs.cc,kittygfs.cc,29-apr-2021,1619654400.0,
kittygfs.cc,kittygfs.cc,29-apr-2021,1619654400.0,
kkjjhhdff.site,kkjjhhdff.site,10-feb-2021,1612915200.0,
kkjjhhdff.site,kkjjhhdff.site,10-feb-2021,1612915200.0,
knalc.com,knalc.com,05-apr-2021,1617580800.0,
knalc.com,knalc.com,05-apr-2021,1617580800.0,
koapkmobi.com,koapkmobi.com,15-jul-2021,1626307200.0,
koapkmobi.com,koapkmobi.com,15-jul-2021,1626307200.0,
korfo.org,korfo.org,11-feb-2021,1613001600.0,
korfo.org,korfo.org,11-feb-2021,1613001600.0,
kuikdelivery.com,kuikdelivery.com,05-sep-2021,1630800000.0,
kuikdelivery.com,kuikdelivery.com,05-sep-2021,1630800000.0,
ladsup.com,ladsup.com,17-jun-2021,1623888000.0,
ladsup.com,ladsup.com,17-jun-2021,1623888000.0,
laingriz15.live,laingriz15.live,09-jul-2021,1625788800.0,
laingriz15.live,laingriz15.live,09-jul-2021,1625788800.0,
lakusdvroa.com,lakusdvroa.com,02-aug-2021,1627862400.0,
lakusdvroa.com,lakusdvroa.com,02-aug-2021,1627862400.0,
lamatrest.xyz,lamatrest.xyz,03-jul-2021,1625270400.0,
lamatrest.xyz,lamatrest.xyz,03-jul-2021,1625270400.0,
latamdcs.com,latamdcs.com,31-jul-2021,1627689600.0,
latamdcs.com,latamdcs.com,31-jul-2021,1627689600.0,
leancoding.co,leancoding.co,12-aug-2021,1628726400.0,
leancoding.co,leancoding.co,12-aug-2021,1628726400.0,
lecap-services.fr,lecap-services.fr,27-sep-2021,1632700800.0,
lecap-services.fr,lecap-services.fr,27-sep-2021,1632700800.0,
ledampenergy.net,ledampenergy.net,10-mar-2021,1615334400.0,
ledampenergy.net,ledampenergy.net,10-mar-2021,1615334400.0,
livechatinc.org,livechatinc.org,03-jun-2021,1622678400.0,
livechatinc.org,livechatinc.org,03-jun-2021,1622678400.0,
livetus.com,livetus.com,13-feb-2021,1613174400.0,
livetus.com,livetus.com,13-feb-2021,1613174400.0,
llink.site,llink.site,27-feb-2021,1614384000.0,
llink.site,llink.site,27-feb-2021,1614384000.0,
londontea.net,londontea.net,20-may-2021,1621468800.0,
londontea.net,londontea.net,20-may-2021,1621468800.0,
loneeaglerecords.com,loneeaglerecords.com,08-dec-2021,1638921600.0,
loneeaglerecords.com,loneeaglerecords.com,08-dec-2021,1638921600.0,
lsassupdate.com,lsassupdate.com,20-jan-2021,1611100800.0,
lsassupdate.com,lsassupdate.com,20-jan-2021,1611100800.0,
lsasswininfo.com,lsasswininfo.com,27-jan-2021,1611705600.0,
lsasswininfo.com,lsasswininfo.com,27-jan-2021,1611705600.0,
m0bile.net,m0bile.net,06-may-2021,1620259200.0,
m0bile.net,m0bile.net,06-may-2021,1620259200.0,
magejavascripts.com,magejavascripts.com,25-apr-2021,1619308800.0,
magejavascripts.com,magejavascripts.com,25-apr-2021,1619308800.0,
magescripts.pw,magescripts.pw,28-sep-2021,1632787200.0,
magescripts.pw,magescripts.pw,28-sep-2021,1632787200.0,
magesecuritys.com,magesecuritys.com,17-jul-2021,1626480000.0,
magesecuritys.com,magesecuritys.com,17-jul-2021,1626480000.0,
mahalowood.com,mahalowood.com,01-may-2021,1619827200.0,
mahalowood.com,mahalowood.com,01-may-2021,1619827200.0,
mail-auth.email,mail-auth.email,21-jun-2021,1624233600.0,
mail-auth.email,mail-auth.email,21-jun-2021,1624233600.0,
mail-auth.online,mail-auth.online,16-jul-2021,1626393600.0,
mail-auth.online,mail-auth.online,16-jul-2021,1626393600.0,
mail-google.email,mail-google.email,23-may-2021,1621728000.0,
mail-google.email,mail-google.email,23-may-2021,1621728000.0,
mainmainncjnrjpbn.fr,mainmainncjnrjpbn.fr,29-may-2021,1622246400.0,
mainmainncjnrjpbn.fr,mainmainncjnrjpbn.fr,29-may-2021,1622246400.0,
mainpbnpower.info,mainpbnpower.info,17-nov-2021,1637107200.0,
mainpbnpower.info,mainpbnpower.info,17-nov-2021,1637107200.0,
mainsite.in,mainsite.in,18-mar-2021,1616025600.0,
mainsite.in,mainsite.in,18-mar-2021,1616025600.0,
mainsite.us,mainsite.us,26-sep-2021,1632614400.0,
mainsite.us,mainsite.us,26-sep-2021,1632614400.0,
manygoodnews.com,manygoodnews.com,19-sep-2021,1632009600.0,
manygoodnews.com,manygoodnews.com,19-sep-2021,1632009600.0,
maper.info,maper.info,30-apr-2021,1619740800.0,
maper.info,maper.info,30-apr-2021,1619740800.0,
march262020.best,march262020.best,26-mar-2021,1616716800.0,
march262020.best,march262020.best,26-mar-2021,1616716800.0,
march262020.com,march262020.com,26-mar-2021,1616716800.0,
march262020.com,march262020.com,26-mar-2021,1616716800.0,
marchadvertisingnetwork10.com,marchadvertisingnetwork10.com,22-mar-2021,1616371200.0,
marchadvertisingnetwork10.com,marchadvertisingnetwork10.com,22-mar-2021,1616371200.0,
marchadvertisingnetwork4.com,marchadvertisingnetwork4.com,15-mar-2021,1615766400.0,
marchadvertisingnetwork4.com,marchadvertisingnetwork4.com,15-mar-2021,1615766400.0,
marchadvertisingnetwork5.com,marchadvertisingnetwork5.com,18-mar-2021,1616025600.0,
marchadvertisingnetwork5.com,marchadvertisingnetwork5.com,18-mar-2021,1616025600.0,
marchadvertisingnetwork6.com,marchadvertisingnetwork6.com,22-mar-2021,1616371200.0,
marchadvertisingnetwork6.com,marchadvertisingnetwork6.com,22-mar-2021,1616371200.0,
marchadvertisingnetwork7.com,marchadvertisingnetwork7.com,22-mar-2021,1616371200.0,
marchadvertisingnetwork7.com,marchadvertisingnetwork7.com,22-mar-2021,1616371200.0,
marchadvertisingnetwork8.com,marchadvertisingnetwork8.com,22-mar-2021,1616371200.0,
marchadvertisingnetwork8.com,marchadvertisingnetwork8.com,22-mar-2021,1616371200.0,
marchadvertisingnetwork9.com,marchadvertisingnetwork9.com,22-mar-2021,1616371200.0,
marchadvertisingnetwork9.com,marchadvertisingnetwork9.com,22-mar-2021,1616371200.0,
marketium.com,marketium.com,27-jun-2025,1750982400.0,
marketium.com,marketium.com,27-jun-2025,1750982400.0,
masikini.com,masikini.com,31-jul-2022,1659225600.0,
masikini.com,masikini.com,31-jul-2022,1659225600.0,
matchmyip.com,matchmyip.com,01-dec-2021,1638316800.0,
matchmyip.com,matchmyip.com,01-dec-2021,1638316800.0,
matpincscr.com,matpincscr.com,17-feb-2021,1613520000.0,
matpincscr.com,matpincscr.com,17-feb-2021,1613520000.0,
mcloudjs.com,mcloudjs.com,16-jul-2021,1626393600.0,
mcloudjs.com,mcloudjs.com,16-jul-2021,1626393600.0,
mcsoft365.com,mcsoft365.com,20-jun-2021,1624147200.0,
mcsoft365.com,mcsoft365.com,20-jun-2021,1624147200.0,
mechat.info,mechat.info,09-dec-2021,1639008000.0,
mechat.info,mechat.info,09-dec-2021,1639008000.0,
mediabarterexchange.com,mediabarterexchange.com,03-may-2021,1620000000.0,
mediabarterexchange.com,mediabarterexchange.com,03-may-2021,1620000000.0,
mediadirectx.com,mediadirectx.com,31-jan-2021,1612051200.0,
mediadirectx.com,mediadirectx.com,31-jan-2021,1612051200.0,
medsource.top,medsource.top,04-may-2021,1620086400.0,
medsource.top,medsource.top,04-may-2021,1620086400.0,
messager.cloud,messager.cloud,26-feb-2021,1614297600.0,
messager.cloud,messager.cloud,26-feb-2021,1614297600.0,
microsoftupdateswin.com,microsoftupdateswin.com,03-feb-2021,1612310400.0,
microsoftupdateswin.com,microsoftupdateswin.com,03-feb-2021,1612310400.0,
milkmovemoney.com,milkmovemoney.com,19-aug-2021,1629331200.0,
milkmovemoney.com,milkmovemoney.com,19-aug-2021,1629331200.0,
mioniough.com,mioniough.com,07-apr-2021,1617753600.0,
mioniough.com,mioniough.com,07-apr-2021,1617753600.0,
misshaus.org,misshaus.org,05-jun-2021,1622851200.0,
misshaus.org,misshaus.org,05-jun-2021,1622851200.0,
mobile-app-market-here6.life,mobile-app-market-here6.life,07-jul-2021,1625616000.0,
mobile-app-market-here6.life,mobile-app-market-here6.life,07-jul-2021,1625616000.0,
moeskin.com,moeskin.com,03-feb-2021,1612310400.0,
moeskin.com,moeskin.com,03-feb-2021,1612310400.0,
msdtcupdate.com,msdtcupdate.com,27-mar-2021,1616803200.0,
msdtcupdate.com,msdtcupdate.com,27-mar-2021,1616803200.0,
murthydigitals.com,murthydigitals.com,02-dec-2021,1638403200.0,
murthydigitals.com,murthydigitals.com,02-dec-2021,1638403200.0,
myaccount-support.top,myaccount-support.top,20-may-2021,1621468800.0,
myaccount-support.top,myaccount-support.top,20-may-2021,1621468800.0,
myamystills.com,myamystills.com,19-feb-2021,1613692800.0,
myamystills.com,myamystills.com,19-feb-2021,1613692800.0,
myfreecams.com,myfreecams.com,19-mar-2021,1616112000.0,
myfreecams.com,myfreecams.com,19-mar-2021,1616112000.0,
mynavvfedera1.org,mynavvfedera1.org,17-jul-2021,1626480000.0,
mynavvfedera1.org,mynavvfedera1.org,17-jul-2021,1626480000.0,
mynavyfedera1.org,mynavyfedera1.org,16-jul-2021,1626393600.0,
mynavyfedera1.org,mynavyfedera1.org,16-jul-2021,1626393600.0,
mynavyfedral.org,mynavyfedral.org,16-jul-2021,1626393600.0,
mynavyfedral.org,mynavyfedral.org,16-jul-2021,1626393600.0,
myornamenti.com,myornamenti.com,12-mar-2021,1615507200.0,
myornamenti.com,myornamenti.com,12-mar-2021,1615507200.0,
myservicebooster.com,myservicebooster.com,25-feb-2021,1614211200.0,
myservicebooster.com,myservicebooster.com,25-feb-2021,1614211200.0,
myservicebooster.net,myservicebooster.net,25-feb-2021,1614211200.0,
myservicebooster.net,myservicebooster.net,25-feb-2021,1614211200.0,
myserviceconnect.net,myserviceconnect.net,24-feb-2021,1614124800.0,
myserviceconnect.net,myserviceconnect.net,24-feb-2021,1614124800.0,
myserviceupdater.com,myserviceupdater.com,25-feb-2021,1614211200.0,
myserviceupdater.com,myserviceupdater.com,25-feb-2021,1614211200.0,
mywot.com,mywot.com,14-aug-2021,1628899200.0,
mywot.com,mywot.com,14-aug-2021,1628899200.0,
mywot.net,mywot.net,18-jan-2021,1610928000.0,
mywot.net,mywot.net,18-jan-2021,1610928000.0,
myyserviceupdater.com,myyserviceupdater.com,25-feb-2021,1614211200.0,
myyserviceupdater.com,myyserviceupdater.com,25-feb-2021,1614211200.0,
n13x4nfw8frika.com,n13x4nfw8frika.com,17-dec-2021,1639699200.0,
n13x4nfw8frika.com,n13x4nfw8frika.com,17-dec-2021,1639699200.0,
namilh.com,namilh.com,05-apr-2021,1617580800.0,
namilh.com,namilh.com,05-apr-2021,1617580800.0,
navyfedera1.com,navyfedera1.com,01-jul-2021,1625097600.0,
navyfedera1.com,navyfedera1.com,01-jul-2021,1625097600.0,
navyfedera1.org,navyfedera1.org,02-may-2021,1619913600.0,
navyfedera1.org,navyfedera1.org,02-may-2021,1619913600.0,
navyfederai.org,navyfederai.org,01-jul-2021,1625097600.0,
navyfederai.org,navyfederai.org,01-jul-2021,1625097600.0,
nayfedera1.org,nayfedera1.org,02-jul-2021,1625184000.0,
nayfedera1.org,nayfedera1.org,02-jul-2021,1625184000.0,
nbf9b5aurl.com,nbf9b5aurl.com,24-oct-2021,1635033600.0,
nbf9b5aurl.com,nbf9b5aurl.com,24-oct-2021,1635033600.0,
ncjjfn.org,ncjjfn.org,16-nov-2021,1637020800.0,
ncjjfn.org,ncjjfn.org,16-nov-2021,1637020800.0,
ndjambo.com,ndjambo.com,15-nov-2021,1636934400.0,
ndjambo.com,ndjambo.com,15-nov-2021,1636934400.0,
nevyfedera1.org,nevyfedera1.org,19-jul-2021,1626652800.0,
nevyfedera1.org,nevyfedera1.org,19-jul-2021,1626652800.0,
newbot.ug,newbot.ug,25-mar-2021,1616630400.0,
newbot.ug,newbot.ug,25-mar-2021,1616630400.0,
newlimitedoffer.com,newlimitedoffer.com,17-may-2021,1621209600.0,
newlimitedoffer.com,newlimitedoffer.com,17-may-2021,1621209600.0,
newtontool.ca,newtontool.ca,02-jun-2021,1622592000.0,
newtontool.ca,newtontool.ca,02-jun-2021,1622592000.0,
nicemice.cf,nicemice.cf,01-sep-2021,1630454400.0,
nicemice.cf,nicemice.cf,01-sep-2021,1630454400.0,
nordfreevpn.com,nordfreevpn.com,17-mar-2021,1615939200.0,
nordfreevpn.com,nordfreevpn.com,17-mar-2021,1615939200.0,
norulless.com,norulless.com,21-mar-2021,1616284800.0,
norulless.com,norulless.com,21-mar-2021,1616284800.0,
novmintservices.com,novmintservices.com,29-jan-2021,1611878400.0,
novmintservices.com,novmintservices.com,29-jan-2021,1611878400.0,
nsdns.xyz,nsdns.xyz,30-jul-2021,1627603200.0,
nsdns.xyz,nsdns.xyz,30-jul-2021,1627603200.0,
ntaryan.com,ntaryan.com,04-may-2021,1620086400.0,
ntaryan.com,ntaryan.com,04-may-2021,1620086400.0,
nttdocomo-uh.com,nttdocomo-uh.com,11-dec-2021,1639180800.0,
nttdocomo-uh.com,nttdocomo-uh.com,11-dec-2021,1639180800.0,
o5team.com,o5team.com,01-feb-2021,1612137600.0,
o5team.com,o5team.com,01-feb-2021,1612137600.0,
oajdasnndkdahm.com,oajdasnndkdahm.com,18-dec-2021,1639785600.0,
oajdasnndkdahm.com,oajdasnndkdahm.com,18-dec-2021,1639785600.0,
oakandfort.org,oakandfort.org,06-nov-2021,1636156800.0,
oakandfort.org,oakandfort.org,06-nov-2021,1636156800.0,
oawyr.com,oawyr.com,23-mar-2021,1616457600.0,
oawyr.com,oawyr.com,23-mar-2021,1616457600.0,
oawyri.com,oawyri.com,26-mar-2021,1616716800.0,
oawyri.com,oawyri.com,26-mar-2021,1616716800.0,
oderstrg.site,oderstrg.site,10-feb-2021,1612915200.0,
oderstrg.site,oderstrg.site,10-feb-2021,1612915200.0,
opengapps.com,opengapps.com,23-oct-2021,1634947200.0,
opengapps.com,opengapps.com,23-oct-2021,1634947200.0,
orzk.net,orzk.net,07-aug-2021,1628294400.0,
orzk.net,orzk.net,07-aug-2021,1628294400.0,
pamsg.online,pamsg.online,19-jun-2021,1624060800.0,
pamsg.online,pamsg.online,19-jun-2021,1624060800.0,
parnerimcarpich.com,parnerimcarpich.com,19-mar-2021,1616112000.0,
parnerimcarpich.com,parnerimcarpich.com,19-mar-2021,1616112000.0,
paypaypay.org,paypaypay.org,26-jul-2021,1627257600.0,
paypaypay.org,paypaypay.org,26-jul-2021,1627257600.0,
paypeted.com,paypeted.com,03-mar-2021,1614729600.0,
paypeted.com,paypeted.com,03-mar-2021,1614729600.0,
pbndswdswyhdjfn.com,pbndswdswyhdjfn.com,04-apr-2021,1617494400.0,
pbndswdswyhdjfn.com,pbndswdswyhdjfn.com,04-apr-2021,1617494400.0,
pbnkcnjfnikjserv.org,pbnkcnjfnikjserv.org,22-nov-2021,1637539200.0,
pbnkcnjfnikjserv.org,pbnkcnjfnikjserv.org,22-nov-2021,1637539200.0,
pbnmainkcn.cn,pbnmainkcn.cn,17-jun-2021,1623888000.0,
pbnmainkcn.cn,pbnmainkcn.cn,17-jun-2021,1623888000.0,
pbnncdnkcnncjikj.org,pbnncdnkcnncjikj.org,14-oct-2021,1634169600.0,
pbnncdnkcnncjikj.org,pbnncdnkcnncjikj.org,14-oct-2021,1634169600.0,
pervas.top,pervas.top,02-mar-2021,1614643200.0,
pervas.top,pervas.top,02-mar-2021,1614643200.0,
petitelady.top,petitelady.top,02-may-2021,1619913600.0,
petitelady.top,petitelady.top,02-may-2021,1619913600.0,
pf4y2a54hx.com,pf4y2a54hx.com,11-feb-2021,1613001600.0,
pf4y2a54hx.com,pf4y2a54hx.com,11-feb-2021,1613001600.0,
phamchilong.com,phamchilong.com,07-aug-2021,1628294400.0,
phamchilong.com,phamchilong.com,07-aug-2021,1628294400.0,
piastas.gdn,piastas.gdn,02-mar-2021,1614643200.0,
piastas.gdn,piastas.gdn,02-mar-2021,1614643200.0,
piasuna.gdn,piasuna.gdn,02-mar-2021,1614643200.0,
piasuna.gdn,piasuna.gdn,02-mar-2021,1614643200.0,
pingconnect.net,pingconnect.net,16-oct-2021,1634342400.0,
pingconnect.net,pingconnect.net,16-oct-2021,1634342400.0,
pinkcamforum.cc,pinkcamforum.cc,07-dec-2021,1638835200.0,
pinkcamforum.cc,pinkcamforum.cc,07-dec-2021,1638835200.0,
pkmkkjwknvf.com,pkmkkjwknvf.com,17-jul-2021,1626480000.0,
pkmkkjwknvf.com,pkmkkjwknvf.com,17-jul-2021,1626480000.0,
plaimedia.com,plaimedia.com,06-dec-2021,1638748800.0,
plaimedia.com,plaimedia.com,06-dec-2021,1638748800.0,
playamo30.com,playamo30.com,27-feb-2021,1614384000.0,
playamo30.com,playamo30.com,27-feb-2021,1614384000.0,
plkyjbew.com,plkyjbew.com,17-jul-2021,1626480000.0,
plkyjbew.com,plkyjbew.com,17-jul-2021,1626480000.0,
powersitemainservfjr.org,powersitemainservfjr.org,20-nov-2021,1637366400.0,
powersitemainservfjr.org,powersitemainservfjr.org,20-nov-2021,1637366400.0,
powertradeprofit.com,powertradeprofit.com,13-mar-2021,1615593600.0,
powertradeprofit.com,powertradeprofit.com,13-mar-2021,1615593600.0,
poxypoxy.xyz,poxypoxy.xyz,02-jul-2021,1625184000.0,
poxypoxy.xyz,poxypoxy.xyz,02-jul-2021,1625184000.0,
primecaviar.com,primecaviar.com,24-nov-2022,1669248000.0,
primecaviar.com,primecaviar.com,24-nov-2022,1669248000.0,
privacyassistant.net,privacyassistant.net,21-nov-2021,1637452800.0,
privacyassistant.net,privacyassistant.net,21-nov-2021,1637452800.0,
prodealscenter.com,prodealscenter.com,05-jun-2021,1622851200.0,
prodealscenter.com,prodealscenter.com,05-jun-2021,1622851200.0,
psozyhotho.pro,psozyhotho.pro,20-sep-2021,1632096000.0,
psozyhotho.pro,psozyhotho.pro,20-sep-2021,1632096000.0,
psserviceonline.com,psserviceonline.com,09-mar-2021,1615248000.0,
psserviceonline.com,psserviceonline.com,09-mar-2021,1615248000.0,
ptgteft.com,ptgteft.com,20-mar-2021,1616198400.0,
ptgteft.com,ptgteft.com,20-mar-2021,1616198400.0,
pushedwebnews.com,pushedwebnews.com,12-jul-2021,1626048000.0,
pushedwebnews.com,pushedwebnews.com,12-jul-2021,1626048000.0,
pussysaga.com,pussysaga.com,10-dec-2023,1702166400.0,
pussysaga.com,pussysaga.com,10-dec-2023,1702166400.0,
qpfhd.com,qpfhd.com,24-mar-2021,1616544000.0,
qpfhd.com,qpfhd.com,24-mar-2021,1616544000.0,
queensiteforapp.com,queensiteforapp.com,11-sep-2021,1631318400.0,
queensiteforapp.com,queensiteforapp.com,11-sep-2021,1631318400.0,
quickcash-system.com,quickcash-system.com,19-sep-2021,1632009600.0,
quickcash-system.com,quickcash-system.com,19-sep-2021,1632009600.0,
quickmessage.us,quickmessage.us,13-dec-2021,1639353600.0,
quickmessage.us,quickmessage.us,13-dec-2021,1639353600.0,
rc-room.com,rc-room.com,22-sep-2022,1663804800.0,
rc-room.com,rc-room.com,22-sep-2022,1663804800.0,
remove-ads.xyz,remove-ads.xyz,18-mar-2021,1616025600.0,
remove-ads.xyz,remove-ads.xyz,18-mar-2021,1616025600.0,
renovatesystem.com,renovatesystem.com,20-jan-2021,1611100800.0,
renovatesystem.com,renovatesystem.com,20-jan-2021,1611100800.0,
rereddit.com,rereddit.com,13-mar-2021,1615593600.0,
rereddit.com,rereddit.com,13-mar-2021,1615593600.0,
retrak.co.ke,retrak.co.ke,04-oct-2021,1633305600.0,
retrak.co.ke,retrak.co.ke,04-oct-2021,1633305600.0,
rjmwqf.com,rjmwqf.com,24-mar-2021,1616544000.0,
rjmwqf.com,rjmwqf.com,24-mar-2021,1616544000.0,
rmagent.xyz,rmagent.xyz,27-mar-2021,1616803200.0,
rmagent.xyz,rmagent.xyz,27-mar-2021,1616803200.0,
roboinside.me,roboinside.me,23-sep-2021,1632355200.0,
roboinside.me,roboinside.me,23-sep-2021,1632355200.0,
robux.dev,robux.dev,07-mar-2021,1615075200.0,
robux.dev,robux.dev,07-mar-2021,1615075200.0,
romashka.cn,romashka.cn,07-dec-2021,1638835200.0,
romashka.cn,romashka.cn,07-dec-2021,1638835200.0,
ronswank.com,ronswank.com,07-apr-2021,1617753600.0,
ronswank.com,ronswank.com,07-apr-2021,1617753600.0,
rossogato.com,rossogato.com,12-mar-2021,1615507200.0,
rossogato.com,rossogato.com,12-mar-2021,1615507200.0,
rs.sh,rs.sh,30-apr-2027,1809043200.0,
rs.sh,rs.sh,30-apr-2027,1809043200.0,
rsa.pub,rsa.pub,07-jun-2021,1623024000.0,
rsa.pub,rsa.pub,07-jun-2021,1623024000.0,
rstmir.com,rstmir.com,25-mar-2021,1616630400.0,
rstmir.com,rstmir.com,25-mar-2021,1616630400.0,
runative-syndicate.com,runative-syndicate.com,25-jan-2021,1611532800.0,
runative-syndicate.com,runative-syndicate.com,25-jan-2021,1611532800.0,
s.sh,s.sh,30-apr-2027,1809043200.0,
s.sh,s.sh,30-apr-2027,1809043200.0,
saidialxo.com,saidialxo.com,19-mar-2021,1616112000.0,
saidialxo.com,saidialxo.com,19-mar-2021,1616112000.0,
scriptoscript.com,scriptoscript.com,30-jul-2021,1627603200.0,
scriptoscript.com,scriptoscript.com,30-jul-2021,1627603200.0,
service-updater.com,service-updater.com,06-mar-2021,1614988800.0,
service-updater.com,service-updater.com,06-mar-2021,1614988800.0,
servicesbooster.com,servicesbooster.com,25-feb-2021,1614211200.0,
servicesbooster.com,servicesbooster.com,25-feb-2021,1614211200.0,
servicesbooster.org,servicesbooster.org,25-feb-2021,1614211200.0,
servicesbooster.org,servicesbooster.org,25-feb-2021,1614211200.0,
servicesecurity.org,servicesecurity.org,24-feb-2021,1614124800.0,
servicesecurity.org,servicesecurity.org,24-feb-2021,1614124800.0,
serviceshelpers.com,serviceshelpers.com,28-feb-2021,1614470400.0,
serviceshelpers.com,serviceshelpers.com,28-feb-2021,1614470400.0,
serviceupdates.net,serviceupdates.net,24-feb-2021,1614124800.0,
serviceupdates.net,serviceupdates.net,24-feb-2021,1614124800.0,
serviceuphelper.com,serviceuphelper.com,28-feb-2021,1614470400.0,
serviceuphelper.com,serviceuphelper.com,28-feb-2021,1614470400.0,
servicosfcporto.com,servicosfcporto.com,25-mar-2021,1616630400.0,
servicosfcporto.com,servicosfcporto.com,25-mar-2021,1616630400.0,
serviziopostale.site,serviziopostale.site,23-apr-2021,1619136000.0,
serviziopostale.site,serviziopostale.site,23-apr-2021,1619136000.0,
servsave.com,servsave.com,17-jun-2021,1623888000.0,
servsave.com,servsave.com,17-jun-2021,1623888000.0,
sex-and-flirt.com,sex-and-flirt.com,10-nov-2021,1636502400.0,
sex-and-flirt.com,sex-and-flirt.com,10-nov-2021,1636502400.0,
shop-rnib.org,shop-rnib.org,05-nov-2021,1636070400.0,
shop-rnib.org,shop-rnib.org,05-nov-2021,1636070400.0,
sionicmedia.com,sionicmedia.com,19-oct-2021,1634601600.0,
sionicmedia.com,sionicmedia.com,19-oct-2021,1634601600.0,
sirdexs.com,sirdexs.com,24-mar-2021,1616544000.0,
sirdexs.com,sirdexs.com,24-mar-2021,1616544000.0,
sitesite.cn,sitesite.cn,22-mar-2021,1616371200.0,
sitesite.cn,sitesite.cn,22-mar-2021,1616371200.0,
skategirlchina.com,skategirlchina.com,19-jun-2021,1624060800.0,
skategirlchina.com,skategirlchina.com,19-jun-2021,1624060800.0,
slack-app.net,slack-app.net,01-apr-2021,1617235200.0,
slack-app.net,slack-app.net,01-apr-2021,1617235200.0,
snapcamsforum.cc,snapcamsforum.cc,29-apr-2021,1619654400.0,
snapcamsforum.cc,snapcamsforum.cc,29-apr-2021,1619654400.0,
soperson.com,soperson.com,19-dec-2021,1639872000.0,
soperson.com,soperson.com,19-dec-2021,1639872000.0,
sophosdefence.com,sophosdefence.com,27-jan-2021,1611705600.0,
sophosdefence.com,sophosdefence.com,27-jan-2021,1611705600.0,
sportsinteraction.com,sportsinteraction.com,08-sep-2022,1662595200.0,
sportsinteraction.com,sportsinteraction.com,08-sep-2022,1662595200.0,
spottyfly.com,spottyfly.com,13-aug-2021,1628812800.0,
spottyfly.com,spottyfly.com,13-aug-2021,1628812800.0,
srvkcnyhd.org,srvkcnyhd.org,16-nov-2021,1637020800.0,
srvkcnyhd.org,srvkcnyhd.org,16-nov-2021,1637020800.0,
sso-github.com,sso-github.com,08-apr-2021,1617840000.0,
sso-github.com,sso-github.com,08-apr-2021,1617840000.0,
stagolk.com,stagolk.com,07-apr-2021,1617753600.0,
stagolk.com,stagolk.com,07-apr-2021,1617753600.0,
stealthedeal.com,stealthedeal.com,24-oct-2022,1666569600.0,
stealthedeal.com,stealthedeal.com,24-oct-2022,1666569600.0,
stillval.com,stillval.com,30-oct-2021,1635552000.0,
stillval.com,stillval.com,30-oct-2021,1635552000.0,
stopify.co,stopify.co,12-aug-2021,1628726400.0,
stopify.co,stopify.co,12-aug-2021,1628726400.0,
sts-github.com,sts-github.com,08-apr-2021,1617840000.0,
sts-github.com,sts-github.com,08-apr-2021,1617840000.0,
stubbackup.ru,stubbackup.ru,21-mar-2021,1616284800.0,
stubbackup.ru,stubbackup.ru,21-mar-2021,1616284800.0,
supload.com,supload.com,01-feb-2021,1612137600.0,
supload.com,supload.com,01-feb-2021,1612137600.0,
swappastore.com,swappastore.com,01-dec-2021,1638316800.0,
swappastore.com,swappastore.com,01-dec-2021,1638316800.0,
switchnets.net,switchnets.net,10-aug-2021,1628553600.0,
switchnets.net,switchnets.net,10-aug-2021,1628553600.0,
t1bank.xyz,t1bank.xyz,07-aug-2021,1628294400.0,
t1bank.xyz,t1bank.xyz,07-aug-2021,1628294400.0,
takehotprizzes3.live,takehotprizzes3.live,05-apr-2021,1617580800.0,
takehotprizzes3.live,takehotprizzes3.live,05-apr-2021,1617580800.0,
talk99.cn,talk99.cn,17-jan-2025,1737072000.0,
talk99.cn,talk99.cn,17-jan-2025,1737072000.0,
target-support.online,target-support.online,17-dec-2021,1639699200.0,
target-support.online,target-support.online,17-dec-2021,1639699200.0,
taskshedulewin.com,taskshedulewin.com,27-jan-2021,1611705600.0,
taskshedulewin.com,taskshedulewin.com,27-jan-2021,1611705600.0,
tdreg.icu,tdreg.icu,25-apr-2021,1619308800.0,
tdreg.icu,tdreg.icu,25-apr-2021,1619308800.0,
tdreg.top,tdreg.top,27-apr-2021,1619481600.0,
tdreg.top,tdreg.top,27-apr-2021,1619481600.0,
teacoffe.net,teacoffe.net,01-dec-2021,1638316800.0,
teacoffe.net,teacoffe.net,01-dec-2021,1638316800.0,
teddygirls.cc,teddygirls.cc,03-feb-2021,1612310400.0,
teddygirls.cc,teddygirls.cc,03-feb-2021,1612310400.0,
teenclubforum.pw,teenclubforum.pw,12-oct-2021,1633996800.0,
teenclubforum.pw,teenclubforum.pw,12-oct-2021,1633996800.0,
testdhome1.xyz,testdhome1.xyz,19-jul-2021,1626652800.0,
testdhome1.xyz,testdhome1.xyz,19-jul-2021,1626652800.0,
testdhome4.xyz,testdhome4.xyz,19-jul-2021,1626652800.0,
testdhome4.xyz,testdhome4.xyz,19-jul-2021,1626652800.0,
testdom1.xyz,testdom1.xyz,28-jul-2021,1627430400.0,
testdom1.xyz,testdom1.xyz,28-jul-2021,1627430400.0,
testdom3.xyz,testdom3.xyz,28-jul-2021,1627430400.0,
testdom3.xyz,testdom3.xyz,28-jul-2021,1627430400.0,
testfor7.xyz,testfor7.xyz,31-jul-2021,1627689600.0,
testfor7.xyz,testfor7.xyz,31-jul-2021,1627689600.0,
thaivictory.co.th,thaivictory.co.th,05-aug-2021,1628121600.0,
thaivictory.co.th,thaivictory.co.th,05-aug-2021,1628121600.0,
theannoyingsite.com,theannoyingsite.com,01-dec-2021,1638316800.0,
theannoyingsite.com,theannoyingsite.com,01-dec-2021,1638316800.0,
thebestgame2020.com,thebestgame2020.com,14-nov-2021,1636848000.0,
thebestgame2020.com,thebestgame2020.com,14-nov-2021,1636848000.0,
thedemocraticpost.com,thedemocraticpost.com,17-apr-2021,1618617600.0,
thedemocraticpost.com,thedemocraticpost.com,17-apr-2021,1618617600.0,
thediscoveryrun.com,thediscoveryrun.com,04-jul-2021,1625356800.0,
thediscoveryrun.com,thediscoveryrun.com,04-jul-2021,1625356800.0,
themoil.site,themoil.site,04-mar-2021,1614816000.0,
themoil.site,themoil.site,04-mar-2021,1614816000.0,
thiccnigga.me,thiccnigga.me,13-jul-2021,1626134400.0,
thiccnigga.me,thiccnigga.me,13-jul-2021,1626134400.0,
thumbeks.com,thumbeks.com,02-mar-2021,1614643200.0,
thumbeks.com,thumbeks.com,02-mar-2021,1614643200.0,
timesshifts.com,timesshifts.com,23-jan-2021,1611360000.0,
timesshifts.com,timesshifts.com,23-jan-2021,1611360000.0,
topsecurityservice.net,topsecurityservice.net,25-feb-2021,1614211200.0,
topsecurityservice.net,topsecurityservice.net,25-feb-2021,1614211200.0,
topservicehelper.com,topservicehelper.com,28-feb-2021,1614470400.0,
topservicehelper.com,topservicehelper.com,28-feb-2021,1614470400.0,
topservicesbooster.com,topservicesbooster.com,25-feb-2021,1614211200.0,
topservicesbooster.com,topservicesbooster.com,25-feb-2021,1614211200.0,
topservicesecurity.com,topservicesecurity.com,25-feb-2021,1614211200.0,
topservicesecurity.com,topservicesecurity.com,25-feb-2021,1614211200.0,
topservicesecurity.net,topservicesecurity.net,26-feb-2021,1614297600.0,
topservicesecurity.net,topservicesecurity.net,26-feb-2021,1614297600.0,
topservicesecurity.org,topservicesecurity.org,26-feb-2021,1614297600.0,
topservicesecurity.org,topservicesecurity.org,26-feb-2021,1614297600.0,
topservicesupdate.com,topservicesupdate.com,25-feb-2021,1614211200.0,
topservicesupdate.com,topservicesupdate.com,25-feb-2021,1614211200.0,
topservicesupdates.com,topservicesupdates.com,28-feb-2021,1614470400.0,
topservicesupdates.com,topservicesupdates.com,28-feb-2021,1614470400.0,
topserviceupdater.com,topserviceupdater.com,26-feb-2021,1614297600.0,
topserviceupdater.com,topserviceupdater.com,26-feb-2021,1614297600.0,
torrenty-org.pl,torrenty-org.pl,12-aug-2021,1628726400.0,
torrenty-org.pl,torrenty-org.pl,12-aug-2021,1628726400.0,
track-js.link,track-js.link,25-apr-2021,1619308800.0,
track-js.link,track-js.link,25-apr-2021,1619308800.0,
tradersbrokers.com,tradersbrokers.com,12-dec-2021,1639267200.0,
tradersbrokers.com,tradersbrokers.com,12-dec-2021,1639267200.0,
trafficmoose.com,trafficmoose.com,29-jul-2022,1659052800.0,
trafficmoose.com,trafficmoose.com,29-jul-2022,1659052800.0,
trilns.com,trilns.com,03-dec-2021,1638489600.0,
trilns.com,trilns.com,03-dec-2021,1638489600.0,
ts3cardd.com,ts3cardd.com,23-apr-2021,1619136000.0,
ts3cardd.com,ts3cardd.com,23-apr-2021,1619136000.0,
tsl-github.com,tsl-github.com,09-apr-2021,1617926400.0,
tsl-github.com,tsl-github.com,09-apr-2021,1617926400.0,
ttwitter.com,ttwitter.com,17-may-2021,1621209600.0,
ttwitter.com,ttwitter.com,17-may-2021,1621209600.0,
tvpage.com,tvpage.com,08-may-2021,1620432000.0,
tvpage.com,tvpage.com,08-may-2021,1620432000.0,
twitter.cm,twitter.cm,28-aug-2021,1630108800.0,
twitter.cm,twitter.cm,28-aug-2021,1630108800.0,
ultraeventgroup.com,ultraeventgroup.com,03-jun-2021,1622678400.0,
ultraeventgroup.com,ultraeventgroup.com,03-jun-2021,1622678400.0,
unclebillswv.com,unclebillswv.com,26-sep-2021,1632614400.0,
unclebillswv.com,unclebillswv.com,26-sep-2021,1632614400.0,
update-wind.com,update-wind.com,25-jan-2021,1611532800.0,
update-wind.com,update-wind.com,25-jan-2021,1611532800.0,
updatesecure.pro,updatesecure.pro,02-apr-2021,1617321600.0,
updatesecure.pro,updatesecure.pro,02-apr-2021,1617321600.0,
updatewinsoftr.com,updatewinsoftr.com,22-jan-2021,1611273600.0,
updatewinsoftr.com,updatewinsoftr.com,22-jan-2021,1611273600.0,
upiserversys1212.com,upiserversys1212.com,09-sep-2021,1631145600.0,
upiserversys1212.com,upiserversys1212.com,09-sep-2021,1631145600.0,
urldelivery.com,urldelivery.com,19-sep-2021,1632009600.0,
urldelivery.com,urldelivery.com,19-sep-2021,1632009600.0,
vamsoupowoa.com,vamsoupowoa.com,10-apr-2021,1618012800.0,
vamsoupowoa.com,vamsoupowoa.com,10-apr-2021,1618012800.0,
vdtrack.com,vdtrack.com,22-sep-2021,1632268800.0,
vdtrack.com,vdtrack.com,22-sep-2021,1632268800.0,
ventanasyaluminios.com.mx,ventanasyaluminios.com.mx,12-sep-2021,1631404800.0,
ventanasyaluminios.com.mx,ventanasyaluminios.com.mx,12-sep-2021,1631404800.0,
verywellfitnesse.com,verywellfitnesse.com,01-dec-2021,1638316800.0,
verywellfitnesse.com,verywellfitnesse.com,01-dec-2021,1638316800.0,
viphostindustries.info,viphostindustries.info,23-mar-2021,1616457600.0,
viphostindustries.info,viphostindustries.info,23-mar-2021,1616457600.0,
vipmodels.tv,vipmodels.tv,10-mar-2021,1615334400.0,
vipmodels.tv,vipmodels.tv,10-mar-2021,1615334400.0,
vitlescaux.com,vitlescaux.com,13-nov-2021,1636761600.0,
vitlescaux.com,vitlescaux.com,13-nov-2021,1636761600.0,
voice98765.online,voice98765.online,21-may-2021,1621555200.0,
voice98765.online,voice98765.online,21-may-2021,1621555200.0,
vpn4test.net,vpn4test.net,31-mar-2021,1617148800.0,
vpn4test.net,vpn4test.net,31-mar-2021,1617148800.0,
vtoras.top,vtoras.top,02-mar-2021,1614643200.0,
vtoras.top,vtoras.top,02-mar-2021,1614643200.0,
walletgear.org,walletgear.org,05-nov-2021,1636070400.0,
walletgear.org,walletgear.org,05-nov-2021,1636070400.0,
web-analysis.live,web-analysis.live,04-dec-2021,1638576000.0,
web-analysis.live,web-analysis.live,04-dec-2021,1638576000.0,
webanalyzer.net,webanalyzer.net,02-mar-2021,1614643200.0,
webanalyzer.net,webanalyzer.net,02-mar-2021,1614643200.0,
webpagetest.net,webpagetest.net,08-oct-2021,1633651200.0,
webpagetest.net,webpagetest.net,08-oct-2021,1633651200.0,
windefenceinfo.com,windefenceinfo.com,27-jan-2021,1611705600.0,
windefenceinfo.com,windefenceinfo.com,27-jan-2021,1611705600.0,
windefens.com,windefens.com,11-feb-2021,1613001600.0,
windefens.com,windefens.com,11-feb-2021,1613001600.0,
windows-report.com,windows-report.com,04-dec-2021,1638576000.0,
windows-report.com,windows-report.com,04-dec-2021,1638576000.0,
worldtus.com,worldtus.com,13-feb-2021,1613174400.0,
worldtus.com,worldtus.com,13-feb-2021,1613174400.0,
wzrkt.com,wzrkt.com,29-aug-2022,1661731200.0,
wzrkt.com,wzrkt.com,29-aug-2022,1661731200.0,
xm0siulufost.com,xm0siulufost.com,22-jun-2021,1624320000.0,
xm0siulufost.com,xm0siulufost.com,22-jun-2021,1624320000.0,
xmeeting.com,xmeeting.com,16-may-2021,1621123200.0,
xmeeting.com,xmeeting.com,16-may-2021,1621123200.0,
xn--avyfedera-yubm.org,xn--avyfedera-yubm.org,15-aug-2021,1628985600.0,
xn--avyfedera-yubm.org,xn--avyfedera-yubm.org,15-aug-2021,1628985600.0,
xn--bckchain-v3a30f.com,xn--bckchain-v3a30f.com,07-aug-2021,1628294400.0,
xn--bckchain-v3a30f.com,xn--bckchain-v3a30f.com,07-aug-2021,1628294400.0,
xn--blckchain-17c.com,xn--blckchain-17c.com,29-jul-2021,1627516800.0,
xn--blckchain-17c.com,xn--blckchain-17c.com,29-jul-2021,1627516800.0,
xn--blockcain-lmb.com,xn--blockcain-lmb.com,28-jul-2021,1627430400.0,
xn--blockcain-lmb.com,xn--blockcain-lmb.com,28-jul-2021,1627430400.0,
xn--discrd-zxa.com,xn--discrd-zxa.com,14-aug-2021,1628899200.0,
xn--discrd-zxa.com,xn--discrd-zxa.com,14-aug-2021,1628899200.0,
xn--disordapp-s3a.com,xn--disordapp-s3a.com,13-jun-2021,1623542400.0,
xn--disordapp-s3a.com,xn--disordapp-s3a.com,13-jun-2021,1623542400.0,
xn--minecrft-5za.com,xn--minecrft-5za.com,14-aug-2021,1628899200.0,
xn--minecrft-5za.com,xn--minecrft-5za.com,14-aug-2021,1628899200.0,
xn--mynavyfedera-occ.org,xn--mynavyfedera-occ.org,07-aug-2021,1628294400.0,
xn--mynavyfedera-occ.org,xn--mynavyfedera-occ.org,07-aug-2021,1628294400.0,
xn--navyfderal-36a.com,xn--navyfderal-36a.com,07-aug-2021,1628294400.0,
xn--navyfderal-36a.com,xn--navyfderal-36a.com,07-aug-2021,1628294400.0,
xn--navyfedera-j0b.org,xn--navyfedera-j0b.org,07-aug-2021,1628294400.0,
xn--navyfedera-j0b.org,xn--navyfedera-j0b.org,07-aug-2021,1628294400.0,
yahoo-change-password.com,yahoo-change-password.com,31-jan-2021,1612051200.0,
yahoo-change-password.com,yahoo-change-password.com,31-jan-2021,1612051200.0,
yhdncj.biz,yhdncj.biz,24-apr-2021,1619222400.0,
yhdncj.biz,yhdncj.biz,24-apr-2021,1619222400.0,
yip.su,yip.su,19-feb-2021,1613692800.0,
yip.su,yip.su,19-feb-2021,1613692800.0,
youfunv.com,youfunv.com,07-jul-2021,1625616000.0,
youfunv.com,youfunv.com,07-jul-2021,1625616000.0,
younglustforum.pw,younglustforum.pw,14-oct-2021,1634169600.0,
younglustforum.pw,younglustforum.pw,14-oct-2021,1634169600.0,
yoursuperservice.com,yoursuperservice.com,28-feb-2021,1614470400.0,
yoursuperservice.com,yoursuperservice.com,28-feb-2021,1614470400.0,
zapaljs.com,zapaljs.com,02-sep-2021,1630540800.0,
zapaljs.com,zapaljs.com,02-sep-2021,1630540800.0,
zarget.com,zarget.com,01-sep-2023,1693526400.0,
zarget.com,zarget.com,01-sep-2023,1693526400.0,
zekiatagur.com,zekiatagur.com,15-may-2021,1621036800.0,
zekiatagur.com,zekiatagur.com,15-may-2021,1621036800.0,
zoplm.com,zoplm.com,15-jul-2021,1626307200.0,
zoplm.com,zoplm.com,15-jul-2021,1626307200.0,
88chan.pw,88chan.pw,08-jan-2022,1641600000.0,
88chan.pw,88chan.pw,08-jan-2022,1641600000.0,
akashdayalgroups.com,akashdayalgroups.com,11-jan-2022,1641859200.0,
akashdayalgroups.com,akashdayalgroups.com,11-jan-2022,1641859200.0,
bigsharkmedia.com,bigsharkmedia.com,21-mar-2021,1616284800.0,
bigsharkmedia.com,bigsharkmedia.com,21-mar-2021,1616284800.0,
brotherselectricco.com,brotherselectricco.com,06-jan-2022,1641427200.0,
brotherselectricco.com,brotherselectricco.com,06-jan-2022,1641427200.0,
ciscocheckapi.com,ciscocheckapi.com,05-jan-2022,1641340800.0,
ciscocheckapi.com,ciscocheckapi.com,05-jan-2022,1641340800.0,
crilns.com,crilns.com,11-jan-2022,1641859200.0,
crilns.com,crilns.com,11-jan-2022,1641859200.0,
deshmedia.com,deshmedia.com,14-mar-2021,1615680000.0,
deshmedia.com,deshmedia.com,14-mar-2021,1615680000.0,
elixmedia.com,elixmedia.com,24-dec-2021,1640304000.0,
elixmedia.com,elixmedia.com,24-dec-2021,1640304000.0,
enatimedia.com,enatimedia.com,27-dec-2022,1672099200.0,
enatimedia.com,enatimedia.com,27-dec-2022,1672099200.0,
environmentalist.com,environmentalist.com,05-jan-2022,1641340800.0,
environmentalist.com,environmentalist.com,05-jan-2022,1641340800.0,
jintsung.cn,jintsung.cn,07-jan-2022,1641513600.0,
jintsung.cn,jintsung.cn,07-jan-2022,1641513600.0,
jomamba.best,jomamba.best,03-jan-2022,1641168000.0,
jomamba.best,jomamba.best,03-jan-2022,1641168000.0,
kdsidsiadsakfsas.com,kdsidsiadsakfsas.com,23-dec-2021,1640217600.0,
kdsidsiadsakfsas.com,kdsidsiadsakfsas.com,23-dec-2021,1640217600.0,
kt5850pjz0.com,kt5850pjz0.com,28-dec-2021,1640649600.0,
kt5850pjz0.com,kt5850pjz0.com,28-dec-2021,1640649600.0,
livecheckpointsrs.com,livecheckpointsrs.com,05-jan-2022,1641340800.0,
livecheckpointsrs.com,livecheckpointsrs.com,05-jan-2022,1641340800.0,
memedarka.xyz,memedarka.xyz,23-dec-2021,1640217600.0,
memedarka.xyz,memedarka.xyz,23-dec-2021,1640217600.0,
nrots.net,nrots.net,10-jan-2022,1641772800.0,
nrots.net,nrots.net,10-jan-2022,1641772800.0,
seemascakes.com,seemascakes.com,02-jan-2022,1641081600.0,
seemascakes.com,seemascakes.com,02-jan-2022,1641081600.0,
semasa.icu,semasa.icu,08-dec-2021,1638921600.0,
semasa.icu,semasa.icu,08-dec-2021,1638921600.0,
trafforsrv.com,trafforsrv.com,28-dec-2021,1640649600.0,
trafforsrv.com,trafforsrv.com,28-dec-2021,1640649600.0,
ukcoffe.com,ukcoffe.com,21-dec-2021,1640044800.0,
ukcoffe.com,ukcoffe.com,21-dec-2021,1640044800.0,
updatewinlsass.com,updatewinlsass.com,05-jan-2022,1641340800.0,
updatewinlsass.com,updatewinlsass.com,05-jan-2022,1641340800.0,
vosmas.icu,vosmas.icu,08-dec-2021,1638921600.0,
vosmas.icu,vosmas.icu,08-dec-2021,1638921600.0,
websitecompany.org,websitecompany.org,27-dec-2021,1640563200.0,
websitecompany.org,websitecompany.org,27-dec-2021,1640563200.0,
winsysteminfo.com,winsysteminfo.com,05-jan-2022,1641340800.0,
winsysteminfo.com,winsysteminfo.com,05-jan-2022,1641340800.0,
winsystemupdate.com,winsystemupdate.com,05-jan-2022,1641340800.0,
winsystemupdate.com,winsystemupdate.com,05-jan-2022,1641340800.0,
wizhumpgyros.com,wizhumpgyros.com,09-sep-2022,1662681600.0,
wizhumpgyros.com,wizhumpgyros.com,09-sep-2022,1662681600.0,
coccyxwickimp.com,coccyxwickimp.com,22-dec-2021,1640131200.0,
coccyxwickimp.com,coccyxwickimp.com,22-dec-2021,1640131200.0,
lismcanalys.fun,lismcanalys.fun,20-oct-2021,1634688000.0,
lismcanalys.fun,lismcanalys.fun,20-oct-2021,1634688000.0,
makmoney.club,makmoney.club,25-feb-2022,1645747200.0,
makmoney.club,makmoney.club,25-feb-2022,1645747200.0,
resumersvo.fun,resumersvo.fun,20-oct-2021,1634688000.0,
resumersvo.fun,resumersvo.fun,20-oct-2021,1634688000.0,
skinstrip.net,skinstrip.net,26-oct-2022,1666742400.0,
skinstrip.net,skinstrip.net,26-oct-2022,1666742400.0,
updatemanagir.us,updatemanagir.us,25-feb-2022,1645747200.0,
updatemanagir.us,updatemanagir.us,25-feb-2022,1645747200.0,
youshouldclick.us,youshouldclick.us,07-mar-2022,1646611200.0,
youshouldclick.us,youshouldclick.us,07-mar-2022,1646611200.0,
jasmin-cams-live.com,jasmin-cams-live.com,02-feb-2022,1643760000.0,
jasmin-cams-live.com,jasmin-cams-live.com,02-feb-2022,1643760000.0,
livejasmin.academy,livejasmin.academy,22-jun-2022,1655856000.0,
livejasmin.academy,livejasmin.academy,22-jun-2022,1655856000.0,
livejasmin.cl,livejasmin.cl,10-jul-2029,1878336000.0,
livejasmin.cl,livejasmin.cl,10-jul-2029,1878336000.0,
livejasmin.io,livejasmin.io,02-nov-2022,1667347200.0,
livejasmin.io,livejasmin.io,02-nov-2022,1667347200.0,
livejasmin.net.ag,livejasmin.net.ag,26-sep-2022,1664150400.0,
livejasmin.net.ag,livejasmin.net.ag,26-sep-2022,1664150400.0,
livejasmin.net.sc,livejasmin.net.sc,26-sep-2022,1664150400.0,
livejasmin.net.sc,livejasmin.net.sc,26-sep-2022,1664150400.0,
livejasmin.org.in,livejasmin.org.in,26-sep-2022,1664150400.0,
livejasmin.org.in,livejasmin.org.in,26-sep-2022,1664150400.0,
livejasmin.porn,livejasmin.porn,15-may-2022,1652572800.0,
livejasmin.porn,livejasmin.porn,15-may-2022,1652572800.0,
livejasmin.vg,livejasmin.vg,26-sep-2022,1664150400.0,
livejasmin.vg,livejasmin.vg,26-sep-2022,1664150400.0,
livejasminacademy.com,livejasminacademy.com,22-jun-2022,1655856000.0,
livejasminacademy.com,livejasminacademy.com,22-jun-2022,1655856000.0,
livejasminacademy.tv,livejasminacademy.tv,22-jun-2022,1655856000.0,
livejasminacademy.tv,livejasminacademy.tv,22-jun-2022,1655856000.0,
livejasminbabes.com,livejasminbabes.com,09-jun-2022,1654732800.0,
livejasminbabes.com,livejasminbabes.com,09-jun-2022,1654732800.0,
livejasmincall.com,livejasmincall.com,09-jan-2022,1641686400.0,
livejasmincall.com,livejasmincall.com,09-jan-2022,1641686400.0,
livejasmincall.net,livejasmincall.net,09-jan-2022,1641686400.0,
livejasmincall.net,livejasmincall.net,09-jan-2022,1641686400.0,
livejasmincdn.com,livejasmincdn.com,26-jan-2022,1643155200.0,
livejasmincdn.com,livejasmincdn.com,26-jan-2022,1643155200.0,
livejasmine.us,livejasmine.us,19-may-2022,1652918400.0,
livejasmine.us,livejasmine.us,19-may-2022,1652918400.0,
mylivejasmin.org,mylivejasmin.org,08-feb-2022,1644278400.0,
mylivejasmin.org,mylivejasmin.org,08-feb-2022,1644278400.0,
viglink.com,viglink.com,13-dec-2023,1702425600.0,
viglink.com,viglink.com,13-dec-2023,1702425600.0,
vkcache.com,vkcache.com,04-nov-2021,1635984000.0,
vkcache.com,vkcache.com,04-nov-2021,1635984000.0,
facilitategovernor.com,facilitategovernor.com,29-sep-2022,1664409600.0,
facilitategovernor.com,facilitategovernor.com,29-sep-2022,1664409600.0,
mathtype.cn,mathtype.cn,16-jul-2022,1657929600.0,
mathtype.cn,mathtype.cn,16-jul-2022,1657929600.0,
localbestdating1.com,localbestdating1.com,11-nov-2021,1636588800.0,
localbestdating1.com,localbestdating1.com,11-nov-2021,1636588800.0,
sylviagreen.club,sylviagreen.club,27-apr-2022,1651017600.0,
sylviagreen.club,sylviagreen.club,27-apr-2022,1651017600.0,
xvtelink.com,xvtelink.com,27-feb-2022,1645920000.0,
xvtelink.com,xvtelink.com,27-feb-2022,1645920000.0,
invol.co,invol.co,14-jun-2023,1686700800.0,
invol.co,invol.co,14-jun-2023,1686700800.0,
36c4.net,36c4.net,17-may-2022,1652745600.0,
36c4.net,36c4.net,17-may-2022,1652745600.0,
gmial.com,gmial.com,12-may-2022,1652313600.0,
gmial.com,gmial.com,12-may-2022,1652313600.0,
admobclick.com,admobclick.com,20-apr-2022,1650412800.0,
admobclick.com,admobclick.com,20-apr-2022,1650412800.0,
coinjoin.io,coinjoin.io,31-aug-2022,1661904000.0,
coinjoin.io,coinjoin.io,31-aug-2022,1661904000.0,
whynotwin11.com,whynotwin11.com,27-jun-2022,1656288000.0,
whynotwin11.com,whynotwin11.com,27-jun-2022,1656288000.0,
ackng.com,ackng.com,05-dec-2021,1638662400.0,
ackng.com,ackng.com,05-dec-2021,1638662400.0,
bb3u9.com,bb3u9.com,06-jan-2022,1641427200.0,
bb3u9.com,bb3u9.com,06-jan-2022,1641427200.0,
ttr3p.com,ttr3p.com,06-jan-2022,1641427200.0,
ttr3p.com,ttr3p.com,06-jan-2022,1641427200.0,
zz3r0.com,zz3r0.com,12-aug-2022,1660262400.0,
zz3r0.com,zz3r0.com,12-aug-2022,1660262400.0,
sqlnetcat.com,sqlnetcat.com,05-aug-2022,1659657600.0,
sqlnetcat.com,sqlnetcat.com,05-aug-2022,1659657600.0,
netcatkit.com,netcatkit.com,05-aug-2022,1659657600.0,
netcatkit.com,netcatkit.com,05-aug-2022,1659657600.0,
hwqloan.com,hwqloan.com,26-sep-2022,1664150400.0,
hwqloan.com,hwqloan.com,26-sep-2022,1664150400.0,
75.ag,75.ag,17-mar-2022,1647475200.0,
75.ag,75.ag,17-mar-2022,1647475200.0,
js88.ag,js88.ag,17-mar-2022,1647475200.0,
js88.ag,js88.ag,17-mar-2022,1647475200.0,
qq8.ag,qq8.ag,17-mar-2022,1647475200.0,
qq8.ag,qq8.ag,17-mar-2022,1647475200.0,
cdnimages.xyz,cdnimages.xyz,15-mar-2022,1647302400.0,
cdnimages.xyz,cdnimages.xyz,15-mar-2022,1647302400.0,
pp6r1.com,pp6r1.com,26-mar-2022,1648252800.0,
pp6r1.com,pp6r1.com,26-mar-2022,1648252800.0,
amynx.com,amynx.com,22-jun-2022,1655856000.0,
amynx.com,amynx.com,22-jun-2022,1655856000.0,
zer9g.com,zer9g.com,27-jul-2022,1658880000.0,
zer9g.com,zer9g.com,27-jul-2022,1658880000.0,
b69kq.com,b69kq.com,24-jun-2022,1656028800.0,
b69kq.com,b69kq.com,24-jun-2022,1656028800.0,
discord-app.net,discord-app.net,11-sep-2022,1662854400.0,
discord-app.net,discord-app.net,11-sep-2022,1662854400.0,
dfgdgertdvdf.xyz,dfgdgertdvdf.xyz,31-jan-2022,1643587200.0,
dfgdgertdvdf.xyz,dfgdgertdvdf.xyz,31-jan-2022,1643587200.0,
git-hub.co,git-hub.co,16-mar-2022,1647388800.0,
git-hub.co,git-hub.co,16-mar-2022,1647388800.0,
kcnnrj.cn,kcnnrj.cn,10-apr-2022,1649548800.0,
kcnnrj.cn,kcnnrj.cn,10-apr-2022,1649548800.0,
mycabinet.xyz,mycabinet.xyz,26-jul-2022,1658793600.0,
mycabinet.xyz,mycabinet.xyz,26-jul-2022,1658793600.0,
mypiltow.com,mypiltow.com,17-may-2022,1652745600.0,
mypiltow.com,mypiltow.com,17-may-2022,1652745600.0,
osheoufhusheoghuesd.ru,osheoufhusheoghuesd.ru,24-apr-2022,1650758400.0,
osheoufhusheoghuesd.ru,osheoufhusheoghuesd.ru,24-apr-2022,1650758400.0,
sagecdn.org,sagecdn.org,30-jun-2022,1656547200.0,
sagecdn.org,sagecdn.org,30-jun-2022,1656547200.0,
xda-developers.us,xda-developers.us,16-jul-2022,1657929600.0,
xda-developers.us,xda-developers.us,16-jul-2022,1657929600.0,
livejasmin-hack.com,livejasmin-hack.com,07-dec-2022,1670371200.0,DotRoll Kft.
a9v8.cn,a9v8.cn,14-oct-2022,1665705600.0,
org-upgrade.com,org-upgrade.com,14-jun-2022,1655164800.0,"NameCheap, Inc."
hiperdex.com,hiperdex.com,30-jul-2023,1690675200.0,Tucows Domains Inc.
james-joyce.site,james-joyce.site,23-may-2022,1653264000.0,"Registrar of Domain Names REG.RU, LLC"
samuel-beckett.site,samuel-beckett.site,10-jun-2022,1654819200.0,"Registrar of Domain Names REG.RU, LLC"
uberupload.online,uberupload.online,22-feb-2023,1677024000.0,"Registrar of Domain Names REG.RU, LLC"
pokemoney.biz,pokemoney.biz,22-may-2022,1653177600.0,CommuniGal Communication Ltd.
kutib-lilajhiza.info,kutib-lilajhiza.info,26-dec-2022,1672012800.0,Registrar of Domain Names REG.RU LLC
tahmil-kutib-pdf.info,tahmil-kutib-pdf.info,09-dec-2022,1670544000.0,Registrar of Domain Names REG.RU LLC
arabianpdfbooks.info,arabianpdfbooks.info,18-nov-2022,1668729600.0,Registrar of Domain Names REG.RU LLC
pokemoney.shop,pokemoney.shop,09-dec-2022,1670544000.0,"Namecheap, Inc."
domsearch.net,domsearch.net,23-dec-2022,1671753600.0,CNOBIN INFORMATION TECHNOLOGY LIMITED
xxsweety.com,xxsweety.com,26-apr-2022,1650931200.0,"DreamHost, LLC"
manualdrain.com,manualdrain.com,23-mar-2023,1679529600.0,"NameCheap, Inc."
asecv.xyz,asecv.xyz,07-sep-2022,1662508800.0,Namecheap
mypornsnap.top,mypornsnap.top,15-apr-2024,1713139200.0,Namecheap Inc.
technoob.info,technoob.info,05-jan-2023,1672876800.0,Registrar of Domain Names REG.RU LLC
thefappeningpics.com,thefappeningpics.com,17-apr-2022,1650153600.0,"GoDaddy.com, LLC"
hotzxgirl.com,hotzxgirl.com,05-jun-2022,1654387200.0,"NameCheap, Inc."
roksa.sx,roksa.sx,28-nov-2022,1669593600.0,OVH
flndmyiove.com,flndmyiove.com,28-jul-2022,1658966400.0,1API GmbH
zmyslowyklub.com,zmyslowyklub.com,20-nov-2022,1668902400.0,Hosting Concepts B.V. d/b/a Registrar.eu
yourbestwoman.life,yourbestwoman.life,15-dec-2022,1671062400.0,"NameCheap, Inc."
sweetchicks.net,sweetchicks.net,22-nov-2022,1669075200.0,1API GmbH
fuckmebook.com,fuckmebook.com,31-jul-2022,1659225600.0,"Amazon Registrar, Inc."
batterynart.com,batterynart.com,02-nov-2022,1667347200.0,"GoDaddy.com, LLC"
my-short.com,my-short.com,13-oct-2022,1665619200.0,Epik Inc.
mrvineforum.pk,mrvineforum.pk,13-sep-2023,1694563200.0,
vor.ngo,vor.ngo,14-oct-2023,1697241600.0,Hosting Concepts B.V. d/b/a Registrar.eu
vor.ong,vor.ong,14-oct-2023,1697241600.0,Hosting Concepts B.V. d/b/a Registrar.eu
loopybatl.site,loopybatl.site,02-apr-2023,1680393600.0,"Xiamen ChinaSource Internet Service Co., Ltd"
amusingdates.net,amusingdates.net,27-jun-2023,1687824000.0,1API GmbH
honey-date4u.life,honey-date4u.life,19-jan-2023,1674086400.0,"NameCheap, Inc."
nl-crypto.com,nl-crypto.com,18-jun-2023,1687046400.0,PDR Ltd. d/b/a PublicDomainRegistry.com
shopsplumbing.com,shopsplumbing.com,05-aug-2023,1691193600.0,"NameCheap, Inc."
mlbcash.com,mlbcash.com,13-may-2023,1683936000.0,"NameCheap, Inc."
arizona-golf-vacations.com,arizona-golf-vacations.com,29-oct-2023,1698537600.0,"NameCheap, Inc."
easy-extra-income-ways-makes-you-rich.store,easy-extra-income-ways-makes-you-rich.store,18-mar-2023,1679097600.0,Namecheap
pornsite123.com,pornsite123.com,28-dec-2023,1703721600.0,"NameCheap, Inc."
xxxbullet.com,xxxbullet.com,28-dec-2023,1703721600.0,"NameCheap, Inc."
packsdechicas.online,packsdechicas.online,17-jan-2023,1673913600.0,Hosting Concepts B.V. d/b/a Registrar.eu
yourgodess.com,yourgodess.com,10-aug-2023,1691625600.0,"NameCheap, Inc."
wiztube.xyz,wiztube.xyz,24-jan-2023,1674518400.0,Namecheap
secureaddisplay.com,secureaddisplay.com,25-jan-2027,1800835200.0,"GoDaddy.com, LLC"
quinni.cyou,quinni.cyou,26-jul-2023,1690329600.0,Namecheap
alenai.cyou,alenai.cyou,06-aug-2023,1691280000.0,Namecheap
telewizja-online.net,telewizja-online.net,28-mar-2023,1679961600.0,OVH sas
clicktut.site,clicktut.site,05-mar-2023,1677974400.0,"Registrar of Domain Names REG.RU, LLC"
bramka.org,bramka.org,23-dec-2022,1671753600.0,Key-Systems GmbH
eu-commercialb.com,eu-commercialb.com,25-mar-2023,1679702400.0,"NameCheap, Inc."
ustreamix.su,ustreamix.su,08-jun-2023,1686182400.0,REGTIME-SU
pasiekazlotoklos.pl,pasiekazlotoklos.pl,29-aug-2023,1693267200.0,
gratlfyingdates.net,gratlfyingdates.net,12-jul-2023,1689120000.0,1API GmbH
inatv.pl,inatv.pl,22-feb-2024,1708560000.0,
hits.sh,hits.sh,04-jul-2023,1688428800.0,"GoDaddy.com, LLC"
supdqwepu.com,supdqwepu.com,13-oct-2023,1697155200.0,"OwnRegistrar, Inc."
vawardquac.com,vawardquac.com,13-oct-2023,1697155200.0,"OwnRegistrar, Inc."
lemmingro.com,lemmingro.com,31-aug-2023,1693440000.0,Atak Domain Bilgi Teknolojileri A.S.
filmsexeporno.com,filmsexeporno.com,01-jan-2023,1672531200.0,"Name.com, Inc."
flashrewards.co,flashrewards.co,04-oct-2023,1696377600.0,"GoDaddy.com, LLC"
nathanielhawthorne.site,nathanielhawthorne.site,21-jun-2023,1687305600.0,Dynadot LLC
dswncj.in,dswncj.in,28-apr-2023,1682640000.0,Dynadot LLC
jfnservkcnkcnpbn.in,jfnservkcnkcnpbn.in,25-mar-2023,1679702400.0,Dynadot LLC
kandypens.net,kandypens.net,23-jul-2023,1690070400.0,"DYNADOT, LLC"
ncjpowernrjjfnnrj.in,ncjpowernrjjfnnrj.in,21-oct-2023,1697846400.0,Dynadot LLC
pbnsrvjfnjfnncdn.in,pbnsrvjfnjfnncdn.in,19-sep-2023,1695081600.0,Gandi SAS
ncjdsw.in,ncjdsw.in,19-mar-2023,1679184000.0,Dynadot LLC
bacr.com.pk,bacr.com.pk,10-may-2024,1715299200.0,
info-eastflirts.com,info-eastflirts.com,22-jul-2023,1689984000.0,"PSI-USA, Inc. dba Domain Robot"
iconcnd.net,iconcnd.net,10-mar-2023,1678406400.0,"NameCheap, Inc."
danbo.org,danbo.org,27-aug-2023,1693094400.0,"CloudFlare, Inc."
